2024-07-04 10:42:01 - Started rest.py
2024-07-04 10:39:50 - Started rest.py
2024-07-04 10:38:48 - Started rest.py
2024-07-04 10:38:32 - Started rest.py
2024-07-04 02:37:47 - Started hibernate.py
2024-07-04 02:37:45 - Ended 0_start.py
2024-07-04 02:37:44 - Ended record_stop.py
2024-07-04 02:37:37 - Started record_stop.py
2024-07-04 02:37:35 - Ended stop.py
2024-07-04 02:37:31 - Started stop.py
2024-07-04 02:37:29 - Ended 1_start.py
2024-07-04 02:37:28 - Ended mission.py
2024-07-04 02:36:45 - Started mission.py
2024-07-04 02:36:43 - Ended credit.py
2024-07-04 02:34:48 - Started credit.py
2024-07-04 02:34:43 - Ended event.py
2024-07-04 02:21:14 - Started event.py
2024-07-04 02:21:12 - Ended exit.py
2024-07-04 02:20:49 - Started exit.py
2024-07-04 02:20:47 - Ended scout.py
2024-07-04 02:19:42 - Started scout.py
2024-07-04 02:19:40 - Ended clue_claim.py
2024-07-04 02:18:00 - Started clue_claim.py
2024-07-04 02:17:58 - Ended drone_exp.py
2024-07-04 02:17:20 - Started drone_exp.py
2024-07-04 02:17:18 - Ended collect.py
2024-07-04 02:16:20 - Started collect.py
2024-07-04 02:16:18 - Ended enter.py
2024-07-04 02:15:56 - Started enter.py
2024-07-04 02:15:54 - Ended recruit.py
2024-07-04 02:15:29 - Tags: ['Medic', 'Vanguard', 'Supporter', 'DP-Recovery', 'Caster']
2024-07-04 02:14:59 - Tags: ['Sniper', 'Ranged', 'Defender', 'DP-Recovery', 'Melee']
2024-07-04 02:14:29 - Tags: ['Guard', 'Melee', 'Sniper', 'Starter', 'Medic']
2024-07-04 02:13:58 - Tags: ['Guard', 'Melee', 'Supporter', 'AoE', 'Vanguard']
2024-07-04 02:13:33 - Started recruit.py
2024-07-04 02:13:31 - Ended get_recruit.py
2024-07-04 02:11:15 - Started get_recruit.py
2024-07-04 02:11:13 - Ended login.py
2024-07-04 02:09:56 - Started login.py
2024-07-04 02:09:55 - Started 1_start.py
2024-07-04 02:09:53 - Ended start.py
2024-07-04 02:05:32 - Started start.py
2024-07-04 02:05:30 - Ended record_start.py
2024-07-04 02:05:23 - Error action_start: Safe Mode, found_index is specified as 0, but 0 window/s found
2024-07-04 02:05:16 - Started record_start.py
2024-07-04 02:05:16 - Started work
2024-07-04 02:05:16 - Started 0_start.py
2024-07-04 02:05:15 - Ended wake.py
2024-07-04 02:05:12 - Started wake.py
2024-07-03 14:33:06 - Started hibernate.py
2024-07-03 14:33:04 - Ended 0_start.py
2024-07-03 14:33:03 - Ended record_stop.py
2024-07-03 14:32:56 - Started record_stop.py
2024-07-03 14:32:55 - Ended stop.py
2024-07-03 14:32:51 - Started stop.py
2024-07-03 14:32:49 - Ended 1_start.py
2024-07-03 14:32:48 - Ended event.py
2024-07-03 14:19:19 - Started event.py
2024-07-03 14:19:17 - Ended exit.py
2024-07-03 14:18:54 - Started exit.py
2024-07-03 14:18:52 - Ended scout.py
2024-07-03 14:17:48 - Started scout.py
2024-07-03 14:17:46 - Ended drone_exp.py
2024-07-03 14:17:09 - Started drone_exp.py
2024-07-03 14:17:07 - Ended collect.py
2024-07-03 14:16:09 - Started collect.py
2024-07-03 14:16:07 - Ended enter.py
2024-07-03 14:15:45 - Started enter.py
2024-07-03 14:15:44 - Ended recruit.py
2024-07-03 14:15:19 - Tags: ['Sniper', 'Healing', 'Defender', 'Defense', 'Melee']
2024-07-03 14:14:49 - Tags: ['Sniper', 'Caster', 'Defender', 'Melee', 'Supporter']
2024-07-03 14:14:18 - Tags: ['Medic', 'Ranged', 'Supporter', 'Slow', 'Vanguard']
2024-07-03 14:13:48 - Tags: ['Guard', 'Survival', 'Caster', 'AoE', 'Vanguard']
2024-07-03 14:13:23 - Started recruit.py
2024-07-03 14:13:21 - Ended get_recruit.py
2024-07-03 14:11:05 - Started get_recruit.py
2024-07-03 14:11:03 - Ended login.py
2024-07-03 14:09:46 - Started login.py
2024-07-03 14:09:46 - Started 1_start.py
2024-07-03 14:09:44 - Ended start.py
2024-07-03 14:05:22 - Started start.py
2024-07-03 14:05:21 - Ended record_start.py
2024-07-03 14:05:13 - Error action_start: Safe Mode, found_index is specified as 0, but 0 window/s found
2024-07-03 14:05:07 - Started record_start.py
2024-07-03 14:05:06 - Started work
2024-07-03 14:05:06 - Started 0_start.py
2024-07-03 14:05:05 - Ended wake.py
2024-07-03 14:05:02 - Started wake.py
2024-07-03 11:20:15 - Ended pick_test.py
2024-07-03 11:18:32 - Failed to match operator
2024-07-03 11:18:32 - At page 0 position 2, [Sora] not in [Fiammetta]
2024-07-03 11:18:15 - At page 1 position 4, [Sora] not in [Hellagur]
2024-07-03 11:18:01 - At page 0 position 3, [Sora] not in [Durin]
2024-07-03 11:17:44 - At page 1 position 3, [Sora] not in [Bagpipe]
2024-07-03 11:17:31 - At page 0 position 4, [Sora] not in [Ambriel]
2024-07-03 11:17:13 - At page 1 position 2, [Sora] not in [Fartooth]
2024-07-03 11:17:00 - At page 0 position 5, [Sora] not in [Nightingale]
2024-07-03 11:16:42 - At page 1 position 1, [Sora] not in [Virtuosa]
2024-07-03 11:16:29 - At page 0 position 6, [Sora] not in [Penance]
2024-07-03 11:16:19 - At page 0 position 12, [Sora] not in [Zima]
2024-07-03 11:16:09 - At page 0 position 7, [Sora] not in [Lumen]
2024-07-03 11:15:59 - At page 0 position 11, [Sora] not in [Myrtle]
2024-07-03 11:15:49 - At page 0 position 8, [Sora] not in [Amiya]
2024-07-03 11:15:39 - At page 0 position 10, [Sora] not in [Siege]
2024-07-03 11:15:30 - At page 0 position 9, [Sora] not in [Myrtle]
2024-07-03 11:06:18 - At page 0 position 11, [Siege] not in [Whisperain]
2024-07-03 11:06:08 - At page 0 position 12, [Siege] not in [proviso]
2024-07-03 11:03:05 - At page 0 position 9, [Siege] not in [Zima]
2024-07-03 11:02:55 - At page 0 position 11, [Siege] not in [Zima]
2024-07-03 11:02:46 - At page 0 position 10, [Siege] not in [Myrtie]
2024-07-03 11:02:27 - Started pick_test.py
2024-07-03 10:07:43 - Started rest_fill.py
2024-07-03 10:00:13 - At page 3 position 10, [Bibeak] not in [Kafka]
2024-07-03 10:00:03 - At page 3 position 9, [Bibeak] not in [Proviso]
2024-07-03 09:59:36 - At page 4 position 1, [Tequila] not in [Rope]
2024-07-03 09:59:22 - At page 3 position 12, [Tequila] not in [Myrtle]
2024-07-03 09:58:27 - At page 0 position 11, [Siege] not in [Whisperain]
2024-07-03 09:58:17 - At page 0 position 12, [Siege] not in [proviso]
2024-07-03 09:55:14 - At page 0 position 11, [Siege] not in [Zima]
2024-07-03 02:13:32 - Started hibernate.py
2024-07-03 02:13:30 - Ended 0_start.py
2024-07-03 02:13:29 - Ended record_stop.py
2024-07-03 02:13:22 - Started record_stop.py
2024-07-03 02:13:20 - Ended stop.py
2024-07-03 02:13:16 - Started stop.py
2024-07-03 02:13:15 - Ended 1_start.py
2024-07-03 02:13:13 - Ended rest.py
2024-07-03 02:11:34 - Started rest.py
2024-07-03 02:11:32 - Ended enter.py
2024-07-03 02:11:10 - Started enter.py
2024-07-03 02:11:08 - Ended login.py
2024-07-03 02:09:52 - Started login.py
2024-07-03 02:09:51 - Started 1_start.py
2024-07-03 02:09:49 - Ended start.py
2024-07-03 02:05:28 - Started start.py
2024-07-03 02:05:26 - Ended record_start.py
2024-07-03 02:05:19 - Error action_start: Safe Mode, found_index is specified as 0, but 0 window/s found
2024-07-03 02:05:12 - Started record_start.py
2024-07-03 02:05:11 - Started rest
2024-07-03 02:05:11 - Started 0_start.py
2024-07-03 02:05:11 - Ended wake.py
2024-07-03 02:05:07 - Started wake.py
2024-07-02 20:23:42 - Started start.py
2024-07-02 20:22:13 - Error action_start: Google Play, {'title_re': 'Google Play', 'backend': 'win32', 'process': 29476}
2024-07-02 20:21:38 - Started start.py
2024-07-02 20:20:30 - Started start.py
2024-07-02 20:11:42 - Started start.py
2024-07-02 20:09:37 - Started start.py
2024-07-02 20:07:09 - Started start.py
2024-07-02 20:06:02 - Ended 1_start.py
2024-07-02 20:06:01 - Error action_start: Arknights, No window found matching: Arknights
2024-07-02 20:06:00 - Started rest.py
2024-07-02 20:05:58 - Error action_start: Arknights, No window found matching: Arknights
2024-07-02 20:05:58 - Started enter.py
2024-07-02 20:05:56 - Error action_start: Arknights, No window found matching: Arknights
2024-07-02 20:05:55 - Started login.py
2024-07-02 20:05:54 - Started 1_start.py
2024-07-02 20:05:53 - Ended start.py
2024-07-02 20:05:23 - Started start.py
2024-07-02 20:05:21 - Ended record_start.py
2024-07-02 20:05:13 - Error action_start: Safe Mode, found_index is specified as 0, but 0 window/s found
2024-07-02 20:05:07 - Started record_start.py
2024-07-02 20:05:06 - Started rest
2024-07-02 20:05:06 - Started 0_start.py
2024-07-02 20:05:06 - Ended wake.py
2024-07-02 20:05:02 - Started wake.py
2024-07-02 19:37:19 - Started start.py
2024-07-02 19:36:46 - Started start.py
2024-07-02 19:26:04 - Ended start.py
2024-07-02 19:25:34 - Started start.py
2024-07-02 19:25:25 - Started start.py
2024-07-02 19:25:20 - Started start.py
2024-07-02 19:25:15 - Ended start.py
2024-07-02 19:24:44 - Started start.py
2024-07-02 19:24:17 - Started start.py
2024-07-02 19:23:49 - Started start.py
2024-07-02 19:23:27 - Ended start.py
2024-07-02 19:22:57 - Started start.py
2024-07-02 19:22:43 - Started start.py
2024-07-02 19:22:22 - Started start.py
2024-07-02 19:22:16 - Ended start.py
2024-07-02 19:21:45 - Started start.py
2024-07-02 19:20:22 - Started start.py
2024-07-02 19:20:20 - Ended record_start.py
2024-07-02 19:20:13 - Error action_start: Safe Mode, found_index is specified as 0, but 0 window/s found
2024-07-02 19:20:06 - Started record_start.py
2024-07-02 19:20:05 - Started rest
2024-07-02 19:20:05 - Started 0_start.py
2024-07-02 19:20:05 - Ended wake.py
2024-07-02 19:20:01 - Started wake.py
2024-07-02 19:14:54 - Started login.py
2024-07-02 19:14:54 - Started 1_start.py
2024-07-02 19:14:52 - Ended start.py
2024-07-02 19:14:22 - Started start.py
2024-07-02 19:14:20 - Ended record_start.py
2024-07-02 19:14:13 - Error action_start: Safe Mode, found_index is specified as 0, but 0 window/s found
2024-07-02 19:14:06 - Started record_start.py
2024-07-02 19:14:06 - Started rest
2024-07-02 19:14:06 - Started 0_start.py
2024-07-02 19:14:05 - Ended wake.py
2024-07-02 19:14:01 - Started wake.py
2024-07-02 19:09:00 - Started start.py
2024-07-02 19:08:45 - Error action_start: Arknights, found_index is specified as 0, but 0 window/s found
2024-07-02 19:08:12 - Started hibernate.py
2024-07-02 19:08:10 - Ended 0_start.py
2024-07-02 19:08:09 - Ended record_stop.py
2024-07-02 19:08:02 - Started record_stop.py
2024-07-02 19:08:01 - Error action_start: Arknights, found_index is specified as 0, but 0 window/s found
2024-07-02 19:08:01 - Started stop.py
2024-07-02 19:07:59 - Ended 1_start.py
2024-07-02 19:07:58 - Error action_start: Arknights, found_index is specified as 0, but 0 window/s found
2024-07-02 19:07:58 - Started rest.py
2024-07-02 19:07:56 - Error action_start: Arknights, found_index is specified as 0, but 0 window/s found
2024-07-02 19:07:56 - Started enter.py
2024-07-02 19:07:54 - Error action_start: Arknights, found_index is specified as 0, but 0 window/s found
2024-07-02 19:07:54 - Started login.py
2024-07-02 19:07:53 - Started 1_start.py
2024-07-02 19:07:52 - Ended start.py
2024-07-02 19:07:22 - Started start.py
2024-07-02 19:07:20 - Ended record_start.py
2024-07-02 19:07:12 - Error action_start: Safe Mode, found_index is specified as 0, but 0 window/s found
2024-07-02 19:07:06 - Started record_start.py
2024-07-02 19:07:05 - Started rest
2024-07-02 19:07:05 - Started 0_start.py
2024-07-02 19:07:05 - Ended wake.py
2024-07-02 19:07:01 - Started wake.py
2024-07-02 19:00:02 - Started start.py
2024-07-02 14:06:31 - Started hibernate.py
2024-07-02 14:06:30 - Ended 0_start.py
2024-07-02 14:06:28 - Ended record_stop.py
2024-07-02 14:06:22 - Started record_stop.py
2024-07-02 14:06:20 - Error action_start: Arknights, found_index is specified as 0, but 0 window/s found
2024-07-02 14:06:20 - Started stop.py
2024-07-02 14:06:18 - Ended 1_start.py
2024-07-02 14:06:17 - Error action_start: Arknights, found_index is specified as 0, but 0 window/s found
2024-07-02 14:06:17 - Started event.py
2024-07-02 14:06:15 - Error action_start: Arknights, found_index is specified as 0, but 0 window/s found
2024-07-02 14:06:15 - Started exit.py
2024-07-02 14:06:14 - Error action_start: Arknights, found_index is specified as 0, but 0 window/s found
2024-07-02 14:06:13 - Started scout.py
2024-07-02 14:06:12 - Error action_start: Arknights, found_index is specified as 0, but 0 window/s found
2024-07-02 14:06:12 - Started rest.py
2024-07-02 14:06:10 - Error action_start: Arknights, found_index is specified as 0, but 0 window/s found
2024-07-02 14:06:10 - Started clear.py
2024-07-02 14:06:08 - Error action_start: Arknights, found_index is specified as 0, but 0 window/s found
2024-07-02 14:06:08 - Started drone_exp.py
2024-07-02 14:06:06 - Error action_start: Arknights, found_index is specified as 0, but 0 window/s found
2024-07-02 14:06:06 - Started collect.py
2024-07-02 14:06:05 - Error action_start: Arknights, found_index is specified as 0, but 0 window/s found
2024-07-02 14:06:05 - Started enter.py
2024-07-02 14:06:03 - Error action_start: Arknights, found_index is specified as 0, but 0 window/s found
2024-07-02 14:05:59 - Started recruit.py
2024-07-02 14:05:58 - Error action_start: Arknights, found_index is specified as 0, but 0 window/s found
2024-07-02 14:05:57 - Started get_recruit.py
2024-07-02 14:05:56 - Error action_start: Arknights, found_index is specified as 0, but 0 window/s found
2024-07-02 14:05:56 - Started login.py
2024-07-02 14:05:55 - Started 1_start.py
2024-07-02 14:05:53 - Ended start.py
2024-07-02 14:05:23 - Started start.py
2024-07-02 14:05:22 - Ended record_start.py
2024-07-02 14:05:14 - Error action_start: Safe Mode, found_index is specified as 0, but 0 window/s found
2024-07-02 14:05:08 - Started record_start.py
2024-07-02 14:05:07 - Started work_out
2024-07-02 14:05:07 - Started 0_start.py
2024-07-02 14:05:06 - Ended wake.py
2024-07-02 14:05:03 - Started wake.py
2024-07-02 02:32:35 - Started hibernate.py
2024-07-02 02:32:34 - Ended 0_start.py
2024-07-02 02:32:32 - Ended record_stop.py
2024-07-02 02:32:26 - Started record_stop.py
2024-07-02 02:32:24 - Ended stop.py
2024-07-02 02:32:20 - Started stop.py
2024-07-02 02:32:18 - Ended 1_start.py
2024-07-02 02:32:17 - Ended mission.py
2024-07-02 02:31:35 - Started mission.py
2024-07-02 02:31:33 - Ended credit.py
2024-07-02 02:29:38 - Started credit.py
2024-07-02 02:29:37 - Ended event.py
2024-07-02 02:16:08 - Started event.py
2024-07-02 02:16:06 - Ended exit.py
2024-07-02 02:15:43 - Started exit.py
2024-07-02 02:15:41 - Ended scout.py
2024-07-02 02:14:37 - Started scout.py
2024-07-02 02:14:35 - Ended clue_claim.py
2024-07-02 02:12:55 - Started clue_claim.py
2024-07-02 02:12:54 - Ended drone_exp.py
2024-07-02 02:12:16 - Started drone_exp.py
2024-07-02 02:12:15 - Ended collect.py
2024-07-02 02:11:17 - Started collect.py
2024-07-02 02:11:15 - Ended enter.py
2024-07-02 02:10:53 - Started enter.py
2024-07-02 02:10:51 - Ended recruit.py
2024-07-02 02:09:40 - Started recruit.py
2024-07-02 02:09:38 - Ended get_recruit.py
2024-07-02 02:07:22 - Started get_recruit.py
2024-07-02 02:07:20 - Ended login.py
2024-07-02 02:06:03 - Started login.py
2024-07-02 02:06:03 - Started 1_start.py
2024-07-02 02:06:01 - Ended start.py
2024-07-02 02:05:31 - Started start.py
2024-07-02 02:05:29 - Ended record_start.py
2024-07-02 02:05:22 - Error action_start: Safe Mode, found_index is specified as 0, but 0 window/s found
2024-07-02 02:05:15 - Started record_start.py
2024-07-02 02:05:14 - Started work
2024-07-02 02:05:14 - Started 0_start.py
2024-07-02 02:05:14 - Ended wake.py
2024-07-02 02:05:10 - Started wake.py
2024-07-01 14:37:49 - Started hibernate.py
2024-07-01 14:37:48 - Ended 0_start.py
2024-07-01 14:37:47 - Ended record_stop.py
2024-07-01 14:37:40 - Started record_stop.py
2024-07-01 14:37:38 - Ended stop.py
2024-07-01 14:37:34 - Started stop.py
2024-07-01 14:37:32 - Ended 1_start.py
2024-07-01 14:37:31 - Ended event.py
2024-07-01 14:24:02 - Started event.py
2024-07-01 14:24:00 - Ended exit.py
2024-07-01 14:23:38 - Started exit.py
2024-07-01 14:23:36 - Ended scout.py
2024-07-01 14:22:32 - Started scout.py
2024-07-01 14:22:30 - Ended drone_exp.py
2024-07-01 14:21:52 - Started drone_exp.py
2024-07-01 14:21:51 - Ended collect.py
2024-07-01 14:20:53 - Started collect.py
2024-07-01 14:20:51 - Ended enter.py
2024-07-01 14:20:29 - Started enter.py
2024-07-01 14:20:27 - Ended recruit.py
2024-07-01 14:19:25 - Started recruit.py
2024-07-01 14:19:24 - Ended get_recruit.py
2024-07-01 14:17:08 - Started get_recruit.py
2024-07-01 14:17:06 - Ended login.py
2024-07-01 14:15:49 - Started login.py
2024-07-01 14:15:48 - Started 1_start.py
2024-07-01 14:15:46 - Ended start.py
2024-07-01 14:15:16 - Started start.py
2024-07-01 14:15:15 - Ended record_start.py
2024-07-01 14:15:07 - Error action_start: Safe Mode, found_index is specified as 0, but 0 window/s found
2024-07-01 14:15:01 - Started record_start.py
2024-07-01 14:15:00 - Started work
2024-07-01 14:15:00 - Started 0_start.py
2024-07-01 14:14:59 - Ended wake.py
2024-07-01 14:14:56 - Started wake.py
2024-07-01 14:05:13 - Ended wake.py
2024-07-01 14:05:09 - Started wake.py
2024-07-01 08:28:06 - Tags: ['Sniper', 'Vanguard', 'Supporter', 'Ranged', 'Caster']
2024-07-01 08:27:35 - Tags: ['Sniper', 'Melee', 'Medic', 'DP-Recovery', 'Supporter']
2024-07-01 08:27:05 - Tags: ['Sniper', 'Melee', 'Defender', 'Ranged', 'Vanguard']
2024-07-01 08:26:34 - Tags: ['Guard', 'Vanguard', 'Defender', 'Starter', 'Supporter']
2024-07-01 08:26:09 - Started recruit.py
2024-07-01 08:21:55 - Tags: ['Guard', 'Vanguard', 'Defender', 'Starter', 'Supporter']
2024-07-01 08:21:31 - Started recruit.py
2024-07-01 08:21:00 - Started recruit.py
2024-07-01 08:19:48 - Recruitment interrupted
2024-07-01 08:19:48 - Tags: ['Guard', 'Vanguard', 'Defender', 'Starter', 'Supporter']
2024-07-01 08:19:23 - Started recruit.py
2024-07-01 08:17:38 - Recruitment interrupted
2024-07-01 08:17:37 - Tags: ['Guard', 'Vanguard', 'Defender', 'Starter', 'Supporter']
2024-07-01 08:17:13 - Started recruit.py
2024-07-01 08:15:49 - Recruitment interrupted
2024-07-01 08:15:49 - Tags: ['Guard', 'Vanguard', 'Defender', 'Starter', 'Supporter']
2024-07-01 08:15:24 - Started recruit.py
2024-07-01 08:10:29 - Ended recruit.py
2024-07-01 08:10:05 - Recruitment interrupted
2024-07-01 08:10:05 - Tags: ['Sniper', 'Vanguard', 'Supporter', 'Ranged', 'Caster']
2024-07-01 08:09:38 - Recruitment interrupted
2024-07-01 08:09:38 - Tags: ['Sniper', 'Melee', 'Medic', 'DP-Recovery', 'Supporter']
2024-07-01 08:09:10 - Recruitment interrupted
2024-07-01 08:09:10 - Tags: ['Sniper', 'Melee', 'Defender', 'Ranged', 'Vanguard']
2024-07-01 08:08:43 - Recruitment interrupted
2024-07-01 08:08:43 - Tags: ['Guard', 'Vanguard', 'Defender', 'Starter', 'Supporter']
2024-07-01 08:08:20 - Started recruit.py
2024-07-01 02:33:29 - Started hibernate.py
2024-07-01 02:33:28 - Ended 0_start.py
2024-07-01 02:33:26 - Ended record_stop.py
2024-07-01 02:33:19 - Started record_stop.py
2024-07-01 02:33:18 - Ended stop.py
2024-07-01 02:33:14 - Started stop.py
2024-07-01 02:33:12 - Ended 1_start.py
2024-07-01 02:33:11 - Ended mission.py
2024-07-01 02:32:28 - Started mission.py
2024-07-01 02:32:24 - Ended credit.py
2024-07-01 02:30:30 - Started credit.py
2024-07-01 02:30:28 - Ended event.py
2024-07-01 02:16:59 - Started event.py
2024-07-01 02:16:57 - Ended exit.py
2024-07-01 02:16:34 - Started exit.py
2024-07-01 02:16:32 - Ended scout.py
2024-07-01 02:15:28 - Started scout.py
2024-07-01 02:15:26 - Ended clue_claim.py
2024-07-01 02:13:46 - Started clue_claim.py
2024-07-01 02:13:45 - Ended drone_exp.py
2024-07-01 02:13:07 - Started drone_exp.py
2024-07-01 02:13:05 - Ended collect.py
2024-07-01 02:12:07 - Started collect.py
2024-07-01 02:12:06 - Ended enter.py
2024-07-01 02:11:44 - Started enter.py
2024-07-01 02:11:42 - Ended recruit.py
2024-07-01 02:11:18 - Recruitment interrupted
2024-07-01 02:11:18 - Recruitment discrepancies observed: ['• Caster']
2024-07-01 02:11:18 - Tags: ['Sniper', 'Vanguard', 'Supporter', 'Ranged', '• Caster']
2024-07-01 02:10:50 - Tags: ['Caster', 'DP-Recovery', 'Vanguard', 'AoE', 'Melee']
2024-07-01 02:10:22 - Tags: ['Medic', 'DP-Recovery', 'Specialist', 'Shift', 'Melee']
2024-07-01 02:09:54 - Tags: ['Guard', 'Ranged', 'Medic', 'AoE', 'Caster']
2024-07-01 02:09:31 - Started recruit.py
2024-07-01 02:09:30 - Ended get_recruit.py
2024-07-01 02:07:13 - Started get_recruit.py
2024-07-01 02:07:11 - Ended login.py
2024-07-01 02:05:55 - Started login.py
2024-07-01 02:05:54 - Started 1_start.py
2024-07-01 02:05:52 - Ended start.py
2024-07-01 02:05:22 - Started start.py
2024-07-01 02:05:21 - Ended record_start.py
2024-07-01 02:05:13 - Error action_start: Safe Mode, found_index is specified as 0, but 0 window/s found
2024-07-01 02:05:07 - Started record_start.py
2024-07-01 02:05:06 - Started work
2024-07-01 02:05:06 - Started 0_start.py
2024-07-01 02:05:05 - Ended wake.py
2024-07-01 02:05:02 - Started wake.py
2024-06-30 23:58:28 - Ended rest_fill.py
2024-06-30 23:56:45 - Started rest_fill.py
2024-06-30 23:52:38 - At page 3 position 3, [Passen] not in [Highmore]
2024-06-30 23:50:35 - At page 3 position 8, [Bibeak] not in [Diamante]
2024-06-30 23:50:15 - At page 3 position 11, [Tequila] not in [Kafka]
2024-06-30 23:49:19 - At page 0 position 12, [Siege] not in [Whisperain]
2024-06-30 23:48:39 - At page 0 position 8, [Proviso] not in [Bibeak]
2024-06-30 14:07:13 - Started record_start.py
2024-06-30 14:07:12 - Started work
2024-06-30 14:07:12 - Started 0_start.py
2024-06-30 14:07:12 - Ended wake.py
2024-06-30 14:07:09 - Started wake.py
2024-06-30 14:05:51 - Started record_start.py
2024-06-30 14:05:50 - Started work_in
2024-06-30 14:05:50 - Started 0_start.py
2024-06-30 14:05:49 - Ended wake.py
2024-06-30 14:05:46 - Started wake.py
2024-06-30 12:17:49 - Started login.py
2024-06-30 12:17:49 - Started 1_start.py
2024-06-30 12:17:47 - Ended start.py
2024-06-30 12:17:17 - Started start.py
2024-06-30 12:17:15 - Ended record_start.py
2024-06-30 12:17:08 - Error action_start: Safe Mode, found_index is specified as 0, but 0 window/s found
2024-06-30 12:17:01 - Started record_start.py
2024-06-30 12:17:01 - Started rest
2024-06-30 12:17:01 - Started 0_start.py
2024-06-30 11:52:06 - Error action_start: Arknights, name 'handle' is not defined
2024-06-30 08:13:09 - Started hibernate.py
2024-06-30 08:13:07 - Ended 0_start.py
2024-06-30 08:13:06 - Ended record_stop.py
2024-06-30 08:12:59 - Started record_stop.py
2024-06-30 08:12:58 - Ended stop.py
2024-06-30 08:12:54 - Started stop.py
2024-06-30 08:12:52 - Ended 1_start.py
2024-06-30 08:12:51 - Ended rest.py
2024-06-30 08:11:11 - Started rest.py
2024-06-30 08:11:10 - Ended enter.py
2024-06-30 08:10:48 - Started enter.py
2024-06-30 08:10:46 - Ended login.py
2024-06-30 08:09:29 - Started login.py
2024-06-30 08:09:29 - Started 1_start.py
2024-06-30 08:09:27 - Ended start.py
2024-06-30 08:09:27 - GPlay killed
2024-06-30 08:09:25 - GPlay closed
2024-06-30 08:09:25 - GPlay run
2024-06-30 08:05:22 - Started start.py
2024-06-30 08:05:21 - Ended record_start.py
2024-06-30 08:05:13 - Error action_start: Safe Mode, found_index is specified as 0, but 0 window/s found
2024-06-30 08:05:07 - Started record_start.py
2024-06-30 08:05:06 - Started rest
2024-06-30 08:05:06 - Started 0_start.py
2024-06-30 08:05:06 - Ended wake.py
2024-06-30 08:05:02 - Started wake.py
2024-06-30 02:06:27 - Started hibernate.py
2024-06-30 02:06:25 - Ended 0_start.py
2024-06-30 02:06:24 - Ended record_stop.py
2024-06-30 02:06:17 - Started record_stop.py
2024-06-30 02:06:15 - Error action_start: Arknights, found_index is specified as 0, but 0 window/s found
2024-06-30 02:06:15 - Started stop.py
2024-06-30 02:06:13 - Ended 1_start.py
2024-06-30 02:06:12 - Error action_start: Arknights, found_index is specified as 0, but 0 window/s found
2024-06-30 02:06:12 - Started mission.py
2024-06-30 02:06:10 - Error action_start: Arknights, found_index is specified as 0, but 0 window/s found
2024-06-30 02:06:10 - Started credit.py
2024-06-30 02:06:09 - Error action_start: Arknights, found_index is specified as 0, but 0 window/s found
2024-06-30 02:06:09 - Started event.py
2024-06-30 02:06:07 - Error action_start: Arknights, found_index is specified as 0, but 0 window/s found
2024-06-30 02:06:07 - Started exit.py
2024-06-30 02:06:05 - Error action_start: Arknights, found_index is specified as 0, but 0 window/s found
2024-06-30 02:06:05 - Started scout.py
2024-06-30 02:06:03 - Error action_start: Arknights, found_index is specified as 0, but 0 window/s found
2024-06-30 02:06:03 - Started clue_claim.py
2024-06-30 02:06:01 - Error action_start: Arknights, found_index is specified as 0, but 0 window/s found
2024-06-30 02:06:01 - Started rest.py
2024-06-30 02:06:00 - Error action_start: Arknights, found_index is specified as 0, but 0 window/s found
2024-06-30 02:06:00 - Started clear.py
2024-06-30 02:05:58 - Error action_start: Arknights, found_index is specified as 0, but 0 window/s found
2024-06-30 02:05:58 - Started drone_exp.py
2024-06-30 02:05:56 - Error action_start: Arknights, found_index is specified as 0, but 0 window/s found
2024-06-30 02:05:56 - Started collect.py
2024-06-30 02:05:54 - Error action_start: Arknights, found_index is specified as 0, but 0 window/s found
2024-06-30 02:05:54 - Started enter.py
2024-06-30 02:05:53 - Error action_start: Arknights, found_index is specified as 0, but 0 window/s found
2024-06-30 02:05:49 - Started recruit.py
2024-06-30 02:05:47 - Error action_start: Arknights, found_index is specified as 0, but 0 window/s found
2024-06-30 02:05:47 - Started get_recruit.py
2024-06-30 02:05:46 - Error action_start: Arknights, found_index is specified as 0, but 0 window/s found
2024-06-30 02:05:46 - Started login.py
2024-06-30 02:05:45 - Started 1_start.py
2024-06-30 02:05:43 - Error action_start: Google Play, {'title_re': 'Google Play', 'backend': 'win32', 'process': 13088}
2024-06-30 02:05:23 - Started start.py
2024-06-30 02:05:21 - Ended record_start.py
2024-06-30 02:05:14 - Error action_start: Safe Mode, found_index is specified as 0, but 0 window/s found
2024-06-30 02:05:08 - Started record_start.py
2024-06-30 02:05:07 - Started work_out
2024-06-30 02:05:07 - Started 0_start.py
2024-06-30 02:05:06 - Ended wake.py
2024-06-30 02:05:03 - Started wake.py
2024-06-29 14:32:40 - Started hibernate.py
2024-06-29 14:32:38 - Ended 0_start.py
2024-06-29 14:32:37 - Ended record_stop.py
2024-06-29 14:32:30 - Started record_stop.py
2024-06-29 14:32:28 - Ended stop.py
2024-06-29 14:32:25 - Started stop.py
2024-06-29 14:32:23 - Ended 1_start.py
2024-06-29 14:32:22 - Ended event.py
2024-06-29 14:18:53 - Started event.py
2024-06-29 14:18:51 - Ended exit.py
2024-06-29 14:18:28 - Started exit.py
2024-06-29 14:18:26 - Ended scout.py
2024-06-29 14:17:22 - Started scout.py
2024-06-29 14:17:20 - Ended drone_exp.py
2024-06-29 14:16:43 - Started drone_exp.py
2024-06-29 14:16:41 - Ended collect.py
2024-06-29 14:15:43 - Started collect.py
2024-06-29 14:15:41 - Ended enter.py
2024-06-29 14:15:19 - Started enter.py
2024-06-29 14:15:17 - Ended recruit.py
2024-06-29 14:14:53 - Tags: ['Sniper', 'Ranged', 'Defender', 'Starter', 'Supporter']
2024-06-29 14:14:25 - Tags: ['Sniper', 'Ranged', 'Supporter', 'DP-Recovery', 'Vanguard']
2024-06-29 14:13:57 - Tags: ['Guard', 'Supporter', 'Sniper', 'Vanguard', 'Medic']
2024-06-29 14:13:29 - Tags: ['Medic', 'Ranged', 'Caster', 'DP-Recovery', 'Melee']
2024-06-29 14:13:06 - Started recruit.py
2024-06-29 14:13:05 - Ended get_recruit.py
2024-06-29 14:10:48 - Started get_recruit.py
2024-06-29 14:10:47 - Ended login.py
2024-06-29 14:09:30 - Started login.py
2024-06-29 14:09:29 - Started 1_start.py
2024-06-29 14:09:27 - Ended start.py
2024-06-29 14:09:27 - GPlay killed
2024-06-29 14:09:25 - GPlay closed
2024-06-29 14:09:25 - GPlay run
2024-06-29 14:05:23 - Started start.py
2024-06-29 14:05:21 - Ended record_start.py
2024-06-29 14:05:14 - Error action_start: Safe Mode, found_index is specified as 0, but 0 window/s found
2024-06-29 14:05:07 - Started record_start.py
2024-06-29 14:05:06 - Started work
2024-06-29 14:05:06 - Started 0_start.py
2024-06-29 14:05:06 - Ended wake.py
2024-06-29 14:05:02 - Started wake.py
2024-06-29 11:02:18 - Started start.py
2024-06-29 11:02:16 - Ended record_start.py
2024-06-29 11:02:09 - Error action_start: Safe Mode, found_index is specified as 0, but 0 window/s found
2024-06-29 11:02:02 - Started record_start.py
2024-06-29 11:02:01 - Started work
2024-06-29 11:02:01 - Started 0_start.py
2024-06-29 11:02:01 - Ended wake.py
2024-06-29 11:01:57 - Started wake.py
2024-06-29 10:59:47 - Error action_start: Safe Mode, found_index is specified as 0, but 0 window/s found
2024-06-29 10:59:41 - Started record_start.py
2024-06-29 10:59:40 - Started work
2024-06-29 10:59:40 - Started 0_start.py
2024-06-29 10:58:46 - Started start.py
2024-06-29 10:58:44 - Ended record_start.py
2024-06-29 10:58:37 - Error action_start: Safe Mode, found_index is specified as 0, but 0 window/s found
2024-06-29 10:58:30 - Started record_start.py
2024-06-29 10:58:30 - Started work
2024-06-29 10:58:30 - Started 0_start.py
2024-06-29 02:06:31 - Started hibernate.py
2024-06-29 02:06:29 - Ended 0_start.py
2024-06-29 02:06:28 - Ended record_stop.py
2024-06-29 02:06:21 - Started record_stop.py
2024-06-29 02:06:20 - Error action_start: Arknights, found_index is specified as 0, but 0 window/s found
2024-06-29 02:06:20 - Started stop.py
2024-06-29 02:06:18 - Ended 1_start.py
2024-06-29 02:06:17 - Error action_start: Arknights, found_index is specified as 0, but 0 window/s found
2024-06-29 02:06:17 - Started mission.py
2024-06-29 02:06:15 - Error action_start: Arknights, found_index is specified as 0, but 0 window/s found
2024-06-29 02:06:15 - Started credit.py
2024-06-29 02:06:13 - Error action_start: Arknights, found_index is specified as 0, but 0 window/s found
2024-06-29 02:06:13 - Started event.py
2024-06-29 02:06:11 - Error action_start: Arknights, found_index is specified as 0, but 0 window/s found
2024-06-29 02:06:11 - Started exit.py
2024-06-29 02:06:10 - Error action_start: Arknights, found_index is specified as 0, but 0 window/s found
2024-06-29 02:06:10 - Started scout.py
2024-06-29 02:06:08 - Error action_start: Arknights, found_index is specified as 0, but 0 window/s found
2024-06-29 02:06:08 - Started clue_claim.py
2024-06-29 02:06:06 - Error action_start: Arknights, found_index is specified as 0, but 0 window/s found
2024-06-29 02:06:06 - Started drone_exp.py
2024-06-29 02:06:04 - Error action_start: Arknights, found_index is specified as 0, but 0 window/s found
2024-06-29 02:06:04 - Started collect.py
2024-06-29 02:06:02 - Error action_start: Arknights, found_index is specified as 0, but 0 window/s found
2024-06-29 02:06:02 - Started enter.py
2024-06-29 02:06:01 - Error action_start: Arknights, found_index is specified as 0, but 0 window/s found
2024-06-29 02:05:58 - Started recruit.py
2024-06-29 02:05:56 - Error action_start: Arknights, found_index is specified as 0, but 0 window/s found
2024-06-29 02:05:56 - Started get_recruit.py
2024-06-29 02:05:54 - Error action_start: Arknights, found_index is specified as 0, but 0 window/s found
2024-06-29 02:05:54 - Started login.py
2024-06-29 02:05:53 - Started 1_start.py
2024-06-29 02:05:52 - Error action_start: Google Play, {'title_re': 'Google Play', 'backend': 'win32', 'process': 14624}
2024-06-29 02:05:31 - Started start.py
2024-06-29 02:05:30 - Ended record_start.py
2024-06-29 02:05:22 - Error action_start: Safe Mode, found_index is specified as 0, but 0 window/s found
2024-06-29 02:05:16 - Started record_start.py
2024-06-29 02:05:15 - Started work
2024-06-29 02:05:15 - Started 0_start.py
2024-06-29 02:05:14 - Ended wake.py
2024-06-29 02:05:11 - Started wake.py
2024-06-28 14:32:45 - Started hibernate.py
2024-06-28 14:32:43 - Ended 0_start.py
2024-06-28 14:32:42 - Ended record_stop.py
2024-06-28 14:32:35 - Started record_stop.py
2024-06-28 14:32:33 - Ended stop.py
2024-06-28 14:32:30 - Started stop.py
2024-06-28 14:32:28 - Ended 1_start.py
2024-06-28 14:32:27 - Ended event.py
2024-06-28 14:18:58 - Started event.py
2024-06-28 14:18:56 - Ended exit.py
2024-06-28 14:18:33 - Started exit.py
2024-06-28 14:18:32 - Ended scout.py
2024-06-28 14:17:27 - Started scout.py
2024-06-28 14:17:25 - Ended drone_exp.py
2024-06-28 14:16:48 - Started drone_exp.py
2024-06-28 14:16:46 - Ended collect.py
2024-06-28 14:15:48 - Started collect.py
2024-06-28 14:15:47 - Ended enter.py
2024-06-28 14:15:25 - Started enter.py
2024-06-28 14:15:23 - Ended recruit.py
2024-06-28 14:14:59 - Tags: ['Sniper', 'Healing', 'Defender', 'Starter', 'Ranged']
2024-06-28 14:14:31 - Tags: ['Medic', 'DPS', 'Starter', 'Survival', 'DP-Recovery']
2024-06-28 14:14:03 - Tags: ['Guard', 'Ranged', 'Supporter', 'AoE', 'Caster']
2024-06-28 14:13:35 - Tags: ['Guard', 'DP-Recovery', 'Sniper', 'AoE', 'Medic']
2024-06-28 14:13:11 - Started recruit.py
2024-06-28 14:13:10 - Ended get_recruit.py
2024-06-28 14:10:54 - Started get_recruit.py
2024-06-28 14:10:52 - Ended login.py
2024-06-28 14:09:35 - Started login.py
2024-06-28 14:09:34 - Started 1_start.py
2024-06-28 14:09:33 - Ended start.py
2024-06-28 14:09:33 - GPlay killed
2024-06-28 14:09:30 - GPlay closed
2024-06-28 14:09:30 - GPlay run
2024-06-28 14:05:28 - Started start.py
2024-06-28 14:05:26 - Ended record_start.py
2024-06-28 14:05:19 - Error action_start: Safe Mode, found_index is specified as 0, but 0 window/s found
2024-06-28 14:05:12 - Started record_start.py
2024-06-28 14:05:12 - Started work
2024-06-28 14:05:12 - Started 0_start.py
2024-06-28 14:05:11 - Ended wake.py
2024-06-28 14:05:07 - Started wake.py
2024-06-28 04:09:59 - Started hibernate.py
2024-06-28 04:09:57 - Ended 0_start.py
2024-06-28 04:09:56 - Ended record_stop.py
2024-06-28 04:09:49 - Started record_stop.py
2024-06-28 04:09:47 - Ended stop.py
2024-06-28 04:09:44 - Started stop.py
2024-06-28 04:09:42 - Ended 1_start.py
2024-06-28 04:09:41 - Ended mission.py
2024-06-28 04:08:58 - Started mission.py
2024-06-28 04:08:56 - Ended credit.py
2024-06-28 04:07:02 - Started credit.py
2024-06-28 04:06:58 - Ended event.py
2024-06-28 03:53:29 - Started event.py
2024-06-28 03:53:28 - Ended exit.py
2024-06-28 03:53:05 - Started exit.py
2024-06-28 03:53:03 - Ended scout.py
2024-06-28 03:51:59 - Started scout.py
2024-06-28 03:51:57 - Ended clue_claim.py
2024-06-28 03:50:17 - Started clue_claim.py
2024-06-28 03:50:16 - Ended drone_exp.py
2024-06-28 03:49:38 - Started drone_exp.py
2024-06-28 03:49:37 - Ended rest_fill.py
2024-06-28 03:47:53 - Started rest_fill.py
2024-06-28 03:41:41 - At page 0 position 11, [Siege] not in [Whisperain]
2024-06-28 03:41:31 - At page 0 position 12, [Siege] not in [Proviso]
2024-06-28 03:38:28 - At page 0 position 9, [Siege] not in [Zima]
2024-06-28 03:38:18 - At page 0 position 11, [Siege] not in [Zima]
2024-06-28 03:38:08 - At page 0 position 10, [Siege] not in [Myrtie]
2024-06-28 03:37:48 - Ended clear_rest.py
2024-06-28 03:36:41 - Started clear_rest.py
2024-06-28 03:36:39 - Ended enter.py
2024-06-28 03:36:17 - Started enter.py
2024-06-28 03:36:15 - Ended recruit.py
2024-06-28 03:35:51 - Tags: ['Sniper', 'Ranged', 'Defender', 'Starter', 'Melee']
2024-06-28 03:35:23 - Tags: ['Sniper', 'Vanguard', 'Medic', 'Defense', 'Supporter']
2024-06-28 03:34:55 - Tags: ['Guard', 'DP-Recovery', 'Vanguard', 'DPS', 'Melee']
2024-06-28 03:34:27 - Tags: ['Guard', 'Starter', 'Defender', 'AoE', 'Ranged']
2024-06-28 03:34:05 - Started recruit.py
2024-06-28 03:34:03 - Ended get_recruit.py
2024-06-28 03:31:47 - Started get_recruit.py
2024-06-28 03:31:45 - Ended login.py
2024-06-28 03:30:28 - Started login.py
2024-06-28 03:30:28 - Started 1_start.py
2024-06-28 03:30:26 - Ended start.py
2024-06-28 03:30:26 - GPlay killed
2024-06-28 03:30:24 - GPlay closed
2024-06-28 03:30:24 - GPlay run
2024-06-28 03:26:21 - Started start.py
2024-06-28 03:26:20 - Ended record_start.py
2024-06-28 03:26:12 - Error action_start: Safe Mode, found_index is specified as 0, but 0 window/s found
2024-06-28 03:26:06 - Started record_start.py
2024-06-28 03:26:05 - Started work_in
2024-06-28 03:26:05 - Started 0_start.py
2024-06-28 03:26:05 - Ended wake.py
2024-06-28 03:26:01 - Started wake.py
2024-06-28 03:20:07 - Ended wake.py
2024-06-28 03:20:01 - Started wake.py
2024-06-28 03:15:19 - Ended wake.py
2024-06-28 03:15:19 - Started record_start.py
2024-06-28 03:15:18 - Started work_in
2024-06-28 03:15:18 - Started 0_start.py
2024-06-28 03:15:14 - Started wake.py
2024-06-28 03:14:47 - Error action_start: Safe Mode, found_index is specified as 0, but 0 window/s found
2024-06-28 03:14:41 - Started record_start.py
2024-06-28 03:14:41 - Error action_start: VLC media, (5, 'MoveWindow', 'Access is denied.')
2024-06-28 03:14:40 - Started work
2024-06-28 03:14:40 - Started 0_start.py
2024-06-28 03:14:36 - Started wake.py
2024-06-28 03:13:45 - Error action_start: VLC media, (5, 'MoveWindow', 'Access is denied.')
2024-06-28 03:05:46 - Started record_start.py
2024-06-28 03:05:45 - Started work_in
2024-06-28 03:05:45 - Started 0_start.py
2024-06-28 03:05:45 - Ended wake.py
2024-06-28 03:05:41 - Started wake.py
2024-06-28 02:53:51 - Started record_start.py
2024-06-28 02:53:50 - Started work_in
2024-06-28 02:53:50 - Started 0_start.py
2024-06-28 02:53:50 - Ended wake.py
2024-06-28 02:53:46 - Started wake.py
2024-06-28 02:53:06 - Ended wake.py
2024-06-28 02:53:02 - Started wake.py
2024-06-28 02:50:14 - Ended wake.py
2024-06-28 02:50:10 - Started wake.py
2024-06-28 02:46:26 - Started record_start.py
2024-06-28 02:46:25 - Started rest
2024-06-28 02:46:25 - Started 0_start.py
2024-06-28 02:46:25 - Ended wake.py
2024-06-28 02:46:21 - Started wake.py
2024-06-28 02:43:51 - Started record_start.py
2024-06-28 02:43:51 - Started 0_start.py
2024-06-28 02:43:50 - Ended wake.py
2024-06-28 02:43:47 - Started wake.py
2024-06-28 02:43:40 - Started record_start.py
2024-06-28 02:43:39 - Started 0_start.py
2024-06-28 02:43:39 - Ended wake.py
2024-06-28 02:43:35 - Started wake.py
2024-06-28 02:35:26 - Started record_start.py
2024-06-28 02:35:25 - Started 0_start.py
2024-06-28 02:35:25 - Ended wake.py
2024-06-28 02:35:21 - Started wake.py
2024-06-28 02:32:47 - Started record_start.py
2024-06-28 02:32:46 - Started 0_start.py
2024-06-28 02:25:57 - Started record_start.py
2024-06-28 02:25:56 - Started 0_start.py
2024-06-28 02:22:50 - Started start.py
2024-06-28 02:22:48 - Ended record_start.py
2024-06-28 02:22:41 - Error action_start: Safe Mode, found_index is specified as 0, but 0 window/s found
2024-06-28 02:22:34 - Started record_start.py
2024-06-28 02:22:34 - Started 0_start.py
2024-06-28 02:22:20 - Started record_start.py
2024-06-28 02:22:19 - Started 0_start.py
2024-06-28 02:22:02 - Started record_start.py
2024-06-28 02:22:01 - Started 0_start.py
2024-06-28 02:16:01 - Error action_start: Home, There are 2 elements that match the criteria {'title_re': 'Home', 'backend': 'win32', 'process': 6628}
2024-06-28 02:13:09 - Error action_start: Explorer, found_index is specified as 0, but 0 window/s found
2024-06-28 02:12:52 - Error action_start: Explorer, found_index is specified as 0, but 0 window/s found
2024-06-28 02:06:08 - Started hibernate.py
2024-06-28 02:06:06 - Ended 0_start.py
2024-06-28 02:06:05 - Error action_start: OBS, (0, 'SetForegroundWindow', 'No error message is available')
2024-06-28 02:06:05 - Started record_stop.py
2024-06-28 02:06:03 - Error action_start: Arknights, found_index is specified as 0, but 0 window/s found
2024-06-28 02:06:03 - Started stop.py
2024-06-28 02:06:02 - Ended 1_start.py
2024-06-28 02:06:01 - Error action_start: Arknights, found_index is specified as 0, but 0 window/s found
2024-06-28 02:06:00 - Started mission.py
2024-06-28 02:05:59 - Error action_start: Arknights, found_index is specified as 0, but 0 window/s found
2024-06-28 02:05:59 - Started credit.py
2024-06-28 02:05:57 - Error action_start: Arknights, found_index is specified as 0, but 0 window/s found
2024-06-28 02:05:57 - Started event.py
2024-06-28 02:05:55 - Error action_start: Arknights, found_index is specified as 0, but 0 window/s found
2024-06-28 02:05:55 - Started exit.py
2024-06-28 02:05:54 - Error action_start: Arknights, found_index is specified as 0, but 0 window/s found
2024-06-28 02:05:54 - Started scout.py
2024-06-28 02:05:52 - Error action_start: Arknights, found_index is specified as 0, but 0 window/s found
2024-06-28 02:05:52 - Started clue_claim.py
2024-06-28 02:05:50 - Error action_start: Arknights, found_index is specified as 0, but 0 window/s found
2024-06-28 02:05:50 - Started drone_exp.py
2024-06-28 02:05:48 - Error action_start: Arknights, found_index is specified as 0, but 0 window/s found
2024-06-28 02:05:48 - Started rest_fill.py
2024-06-28 02:05:47 - Error action_start: Arknights, found_index is specified as 0, but 0 window/s found
2024-06-28 02:05:45 - Error action_start: Arknights, found_index is specified as 0, but 0 window/s found
2024-06-28 02:05:45 - Started clear_rest.py
2024-06-28 02:05:43 - Error action_start: Arknights, found_index is specified as 0, but 0 window/s found
2024-06-28 02:05:43 - Started enter.py
2024-06-28 02:05:42 - Error action_start: Arknights, found_index is specified as 0, but 0 window/s found
2024-06-28 02:05:39 - Started recruit.py
2024-06-28 02:05:37 - Error action_start: Arknights, found_index is specified as 0, but 0 window/s found
2024-06-28 02:05:37 - Started get_recruit.py
2024-06-28 02:05:35 - Error action_start: Arknights, found_index is specified as 0, but 0 window/s found
2024-06-28 02:05:35 - Started login.py
2024-06-28 02:05:35 - Started 1_start.py
2024-06-28 02:05:33 - Error action_start: Google Play, (0, 'SetForegroundWindow', 'No error message is available')
2024-06-28 02:05:17 - Started start.py
2024-06-28 02:05:06 - Started record_start.py
2024-06-28 02:05:06 - Started 0_start.py
2024-06-28 01:11:17 - Failed to match operator
2024-06-28 01:11:17 - At page 0 position 8, [Lightn] not in [Glaucus]
2024-06-28 01:11:00 - At page 1 position 10, [Lightn] not in [Eyjafjalla]
2024-06-28 01:10:46 - At page 0 position 9, [Lightn] not in [Indigo]
2024-06-28 01:10:29 - At page 1 position 9, [Lightn] not in [Exusiai]
2024-06-28 01:10:15 - At page 0 position 10, [Lightn] not in [Blaze]
2024-06-28 01:09:58 - At page 1 position 8, [Lightn] not in [Ebenholz]
2024-06-28 01:09:45 - At page 0 position 11, [Lightn] not in [Lava]
2024-06-28 01:09:27 - At page 1 position 7, [Lightn] not in [Ch'en the FWungday]
2024-06-28 01:09:14 - At page 0 position 12, [Lightn] not in [THRM-EX]
2024-06-28 01:08:56 - At page 1 position 6, [Lightn] not in [Bagpipe]
2024-06-28 01:08:47 - At page 1 position 1, [Lightn] not in [Castle-3]
2024-06-28 01:08:37 - At page 1 position 5, [Lightn] not in ['Justice Knight']
2024-06-28 01:08:27 - At page 1 position 2, [Lightn] not in [Lancet-2J]
2024-06-28 01:08:17 - At page 1 position 4, [Lightn] not in [Friston-3]
2024-06-28 01:08:07 - At page 1 position 3, [Lightn] not in [I Greyy]
2024-06-28 01:03:47 - At page 4 position 1, [Tequila] not in [Rope]
2024-06-28 01:03:33 - At page 3 position 12, [Tequila] not in [Myrtle]
2024-06-28 01:02:38 - At page 0 position 11, [Siege] not in [Whisperain]
2024-06-28 01:02:28 - At page 0 position 12, [Siege] not in [Proviso]
2024-06-28 01:01:48 - At page 0 position 10, [Proviso] not in [Archetto]
2024-06-28 01:01:38 - At page 0 position 9, [Proviso] not in [Ebenholz]
2024-06-28 00:57:07 - At page 0 position 12, [Mlynar] not in [THRM-EX]
2024-06-28 00:44:20 - At page 1 position 9, [Coldsh] not in [Reed]
2024-06-28 00:44:11 - At page 1 position 8, [Coldsh] not in [GreyThroat]
2024-06-28 00:43:50 - At page 1 position 8, [Reed] not in [GreyThroat]
2024-06-28 00:11:46 - At page 1 position 12, [Nearl] not in [Chi en]
2024-06-27 23:58:59 - At page 1 position 12, [Nearl] not in [Chi en]
2024-06-27 23:43:54 - At page 1 position 1, [Delphi] not in [Lee]
2024-06-27 23:43:40 - At page 0 position 12, [Delphi] not in [Mlynar]
2024-06-27 23:36:09 - At page 1 position 3, [Mlynar] not in [base.switch_skill()]
2024-06-27 23:35:59 - At page 1 position 7, [Mlynar] not in [Coldshot]
2024-06-27 23:35:50 - At page 1 position 4, [Mlynar] not in [Kroos the Keen Glint]
2024-06-27 23:35:36 - At page 0 position 2, [Mlynar] not in [Kal'tsit]
2024-06-27 23:35:27 - At page 0 position 1, [Mlynar] not in [Kirin R Yato]
2024-06-27 23:33:20 - At page 0 position 12, [Siege] not in [Cardigan]
2024-06-27 20:08:22 - Started hibernate.py
2024-06-27 20:08:19 - Ended 0_start.py
2024-06-27 20:08:18 - Error action_start: OBS, (5, 'SetForegroundWindow', 'Access is denied.')
2024-06-27 20:08:18 - Started record_stop.py
2024-06-27 20:08:15 - Error action_start: Arknights, (0, 'SetForegroundWindow', 'No error message is available')
2024-06-27 20:08:15 - Started stop.py
2024-06-27 20:08:14 - Ended 1_start.py
2024-06-27 20:08:12 - Error action_start: Arknights, (0, 'SetForegroundWindow', 'No error message is available')
2024-06-27 20:08:12 - Started rest.py
2024-06-27 20:08:10 - Error action_start: Arknights, (0, 'SetForegroundWindow', 'No error message is available')
2024-06-27 20:08:10 - Started enter.py
2024-06-27 20:08:08 - Error action_start: Arknights, (0, 'SetForegroundWindow', 'No error message is available')
2024-06-27 20:08:08 - Started login.py
2024-06-27 20:08:07 - Started 1_start.py
2024-06-27 20:08:04 - Error action_start: Google Play, (0, 'SetForegroundWindow', 'No error message is available')
2024-06-27 20:05:39 - Started start.py
2024-06-27 20:05:37 - Ended record_start.py
2024-06-27 20:05:30 - Error action_start: Safe Mode, found_index is specified as 0, but 0 window/s found
2024-06-27 20:05:22 - Started record_start.py
2024-06-27 20:05:21 - Started 0_start.py
2024-06-27 14:45:52 - Started hibernate.py
2024-06-27 14:45:50 - Ended 0_start.py
2024-06-27 14:45:49 - Ended record_stop.py
2024-06-27 14:45:42 - Started record_stop.py
2024-06-27 14:45:40 - Ended stop.py
2024-06-27 14:45:37 - Started stop.py
2024-06-27 14:45:35 - Ended 1_start.py
2024-06-27 14:45:34 - Ended event.py
2024-06-27 14:32:05 - Started event.py
2024-06-27 14:32:03 - Ended exit.py
2024-06-27 14:31:40 - Started exit.py
2024-06-27 14:31:38 - Ended scout.py
2024-06-27 14:30:34 - Started scout.py
2024-06-27 14:30:32 - Ended rest.py
2024-06-27 14:28:53 - Started rest.py
2024-06-27 14:28:48 - Ended clear.py
2024-06-27 14:25:09 - Started clear.py
2024-06-27 14:25:08 - Ended drone_exp.py
2024-06-27 14:24:30 - Started drone_exp.py
2024-06-27 14:24:28 - Ended collect.py
2024-06-27 14:23:31 - Started collect.py
2024-06-27 14:23:29 - Ended enter.py
2024-06-27 14:23:07 - Started enter.py
2024-06-27 14:23:05 - Ended recruit.py
2024-06-27 14:22:41 - Tags: ['Guard', 'Survival', 'Caster', 'AoE', 'Starter']
2024-06-27 14:22:13 - Tags: ['Guard', 'Starter', 'Sniper', 'DPS', 'Ranged']
2024-06-27 14:21:45 - Tags: ['Guard', 'Vanguard', 'Defender', 'AoE', 'Caster']
2024-06-27 14:21:17 - Tags: ['Caster', 'AoE', 'Vanguard', 'Shift', 'Ranged']
2024-06-27 14:20:54 - Started recruit.py
2024-06-27 14:20:52 - Ended get_recruit.py
2024-06-27 14:18:37 - Started get_recruit.py
2024-06-27 14:18:35 - Ended login.py
2024-06-27 14:17:18 - Started login.py
2024-06-27 14:17:18 - Started 1_start.py
2024-06-27 14:17:16 - Ended start.py
2024-06-27 14:17:16 - GPlay killed
2024-06-27 14:17:14 - GPlay closed
2024-06-27 14:17:13 - GPlay run
2024-06-27 14:13:11 - Started start.py
2024-06-27 14:13:10 - Ended record_start.py
2024-06-27 14:13:02 - Error action_start: Safe Mode, found_index is specified as 0, but 0 window/s found
2024-06-27 14:12:56 - Started record_start.py
2024-06-27 14:12:55 - Started 0_start.py
2024-06-27 14:05:20 - Started record_start.py
2024-06-27 14:05:19 - Started 0_start.py
2024-06-27 08:36:17 - Started start.py
2024-06-27 08:36:16 - Ended record_start.py
2024-06-27 08:36:08 - Error action_start: Safe Mode, found_index is specified as 0, but 0 window/s found
2024-06-27 08:36:01 - Started record_start.py
2024-06-27 08:36:01 - Started 0_start.py
2024-06-27 08:32:15 - Started start.py
2024-06-27 08:32:13 - Error action_start: OBS, (0, 'SetForegroundWindow', 'No error message is available')
2024-06-27 08:32:08 - Error action_start: Safe Mode, found_index is specified as 0, but 0 window/s found
2024-06-27 08:32:01 - Started record_start.py
2024-06-27 08:32:01 - Started 0_start.py
2024-06-27 08:26:17 - Started start.py
2024-06-27 08:26:15 - Ended record_start.py
2024-06-27 08:26:08 - Error action_start: Safe Mode, found_index is specified as 0, but 0 window/s found
2024-06-27 08:26:01 - Started record_start.py
2024-06-27 08:26:01 - Started 0_start.py
2024-06-27 08:22:45 - Started 0_start.py
2024-06-27 08:22:01 - Started 0_start.py
2024-06-27 08:13:33 - Started 1_start.py
2024-06-27 08:13:31 - Error action_start: Google Play, (0, 'SetForegroundWindow', 'No error message is available')
2024-06-27 08:13:16 - Started start.py
2024-06-27 08:13:14 - Error action_start: OBS, (0, 'SetForegroundWindow', 'No error message is available')
2024-06-27 08:13:09 - Error action_start: Safe Mode, found_index is specified as 0, but 0 window/s found
2024-06-27 08:13:02 - Started record_start.py
2024-06-27 08:13:02 - Started 0_start.py
2024-06-27 02:00:31 - Started hibernate.py
2024-06-27 02:00:30 - Ended 0_start.py
2024-06-27 02:00:29 - Error action_start: OBS, (0, 'SetForegroundWindow', 'No error message is available')
2024-06-27 02:00:29 - Started record_stop.py
2024-06-27 02:00:27 - Error action_start: Arknights, found_index is specified as 0, but 0 window/s found
2024-06-27 02:00:27 - Started stop.py
2024-06-27 02:00:25 - Ended 1_start.py
2024-06-27 02:00:24 - Error action_start: Arknights, found_index is specified as 0, but 0 window/s found
2024-06-27 02:00:24 - Started mission.py
2024-06-27 02:00:22 - Error action_start: Arknights, found_index is specified as 0, but 0 window/s found
2024-06-27 02:00:22 - Started credit.py
2024-06-27 02:00:20 - Error action_start: Arknights, found_index is specified as 0, but 0 window/s found
2024-06-27 02:00:20 - Started event.py
2024-06-27 02:00:19 - Error action_start: Arknights, found_index is specified as 0, but 0 window/s found
2024-06-27 02:00:18 - Started exit.py
2024-06-27 02:00:17 - Error action_start: Arknights, found_index is specified as 0, but 0 window/s found
2024-06-27 02:00:17 - Started scout.py
2024-06-27 02:00:15 - Error action_start: Arknights, found_index is specified as 0, but 0 window/s found
2024-06-27 02:00:15 - Started clue_claim.py
2024-06-27 02:00:13 - Error action_start: Arknights, found_index is specified as 0, but 0 window/s found
2024-06-27 02:00:13 - Started drone_exp.py
2024-06-27 02:00:11 - Error action_start: Arknights, found_index is specified as 0, but 0 window/s found
2024-06-27 02:00:11 - Started collect.py
2024-06-27 02:00:10 - Error action_start: Arknights, found_index is specified as 0, but 0 window/s found
2024-06-27 02:00:10 - Started enter.py
2024-06-27 02:00:08 - Error action_start: Arknights, found_index is specified as 0, but 0 window/s found
2024-06-27 02:00:05 - Started recruit.py
2024-06-27 02:00:03 - Error action_start: Arknights, found_index is specified as 0, but 0 window/s found
2024-06-27 02:00:03 - Started get_recruit.py
2024-06-27 02:00:01 - Error action_start: Arknights, found_index is specified as 0, but 0 window/s found
2024-06-27 02:00:01 - Started login.py
2024-06-27 01:55:37 - Started 1_start.py
2024-06-27 01:55:35 - Error action_start: Google Play, (0, 'SetForegroundWindow', 'No error message is available')
2024-06-27 01:55:20 - Started start.py
2024-06-27 01:55:18 - Error action_start: OBS, (0, 'SetForegroundWindow', 'No error message is available')
2024-06-27 01:55:13 - Error action_start: Safe Mode, found_index is specified as 0, but 0 window/s found
2024-06-27 01:55:06 - Started record_start.py
2024-06-27 01:55:05 - Started 0_start.py
2024-06-26 18:45:40 - Error action_start: Arknights, (0, 'SetForegroundWindow', 'No error message is available')
2024-06-26 18:23:35 - At page 0 position 10, [Siege] not in [Nightingale]
2024-06-26 18:23:20 - At page 1 position 2, [Siege] not in [Sora]
2024-06-26 18:23:08 - At page 0 position 11, [Siege] not in [Penance]
2024-06-26 18:22:52 - At page 1 position 1, [Siege] not in [Amiya]
2024-06-26 18:22:40 - At page 0 position 12, [Siege] not in [Lumen]
2024-06-26 18:21:17 - At page 1 position 3, [Siege] not in [Lunacub]
2024-06-26 18:21:03 - At page 0 position 10, [Siege] not in [Arene]
2024-06-26 18:20:45 - At page 1 position 2, [Siege] not in [Skadi]
2024-06-26 18:20:31 - At page 0 position 11, [Siege] not in [Ethan]
2024-06-26 18:20:14 - At page 1 position 1, [Siege] not in [Andreana]
2024-06-26 18:20:00 - At page 0 position 12, [Siege] not in [Specter]
2024-06-26 15:12:10 - Error action_start: Google Play, {'title_re': 'Google Play', 'backend': 'win32', 'process': 5144}
2024-06-26 15:11:59 - Error action_start: Google Play, {'title_re': 'Google Play', 'backend': 'win32', 'process': 5144}
2024-06-26 14:56:56 - Error action_start: Arknights, found_index is specified as 0, but 0 window/s found
2024-06-26 14:29:43 - Started start.py
2024-06-26 14:29:42 - Ended record_start.py
2024-06-26 14:29:34 - Error action_start: Safe Mode, found_index is specified as 0, but 0 window/s found
2024-06-26 14:29:28 - Started record_start.py
2024-06-26 14:29:27 - Started 0_start.py
2024-06-26 14:28:49 - Error action_start: Arknights, found_index is specified as 0, but 0 window/s found
2024-06-26 14:28:49 - Started get_recruit.py
2024-06-26 14:28:48 - Error action_start: Arknights, found_index is specified as 0, but 0 window/s found
2024-06-26 14:28:47 - Started login.py
2024-06-26 14:28:47 - Started 1_start.py
2024-06-26 14:28:45 - Error action_start: Google Play, {'title_re': 'Google Play', 'backend': 'win32', 'process': 18280}
2024-06-26 14:28:19 - Error action_start: Arknights, found_index is specified as 0, but 0 window/s found
2024-06-26 14:28:19 - Started start.py
2024-06-26 14:28:17 - Ended record_start.py
2024-06-26 14:28:10 - Error action_start: Safe Mode, found_index is specified as 0, but 0 window/s found
2024-06-26 14:28:03 - Started record_start.py
2024-06-26 14:28:03 - Started 0_start.py
2024-06-26 14:27:06 - Error action_start: Arknights, found_index is specified as 0, but 0 window/s found
2024-06-26 14:27:06 - Started get_recruit.py
2024-06-26 14:27:04 - Error action_start: Arknights, found_index is specified as 0, but 0 window/s found
2024-06-26 14:27:04 - Started login.py
2024-06-26 14:27:04 - Started 1_start.py
2024-06-26 14:27:02 - Error action_start: Google Play, {'title_re': 'Google Play', 'backend': 'win32', 'process': 18164}
2024-06-26 14:26:40 - Error action_start: Arknights, found_index is specified as 0, but 0 window/s found
2024-06-26 14:26:40 - Started start.py
2024-06-26 14:26:38 - Ended record_start.py
2024-06-26 14:26:31 - Error action_start: Safe Mode, found_index is specified as 0, but 0 window/s found
2024-06-26 14:26:24 - Started record_start.py
2024-06-26 14:26:24 - Started 0_start.py
2024-06-26 14:18:39 - Error action_start: Google Play, {'title_re': 'Google Play', 'backend': 'win32', 'process': 20568}
2024-06-26 14:17:53 - Error action_start: Google Play, {'title_re': 'Google Play', 'backend': 'win32', 'process': 20568}
2024-06-26 14:17:14 - Error action_start: Google Play, {'title_re': 'Google Play', 'backend': 'win32', 'process': 20568}
2024-06-26 14:16:52 - Error action_start: Arknights, found_index is specified as 0, but 0 window/s found
2024-06-26 14:16:52 - Started start.py
2024-06-26 14:15:42 - Error action_start: Arknights, found_index is specified as 0, but 0 window/s found
2024-06-26 14:15:42 - Started enter.py
2024-06-26 14:15:40 - Error action_start: Arknights, found_index is specified as 0, but 0 window/s found
2024-06-26 14:15:38 - Started recruit.py
2024-06-26 14:15:36 - Error action_start: Arknights, found_index is specified as 0, but 0 window/s found
2024-06-26 14:15:36 - Started get_recruit.py
2024-06-26 14:15:34 - Error action_start: Arknights, found_index is specified as 0, but 0 window/s found
2024-06-26 14:15:34 - Started login.py
2024-06-26 14:15:33 - Started 1_start.py
2024-06-26 14:15:32 - Error action_start: Google Play, {'title_re': 'Google Play', 'backend': 'win32', 'process': 15508}
2024-06-26 14:15:09 - Error action_start: Arknights, found_index is specified as 0, but 0 window/s found
2024-06-26 14:15:09 - Started start.py
2024-06-26 14:15:08 - Ended record_start.py
2024-06-26 14:15:00 - Error action_start: Safe Mode, found_index is specified as 0, but 0 window/s found
2024-06-26 14:14:54 - Started record_start.py
2024-06-26 14:14:53 - Started 0_start.py
2024-06-26 14:14:12 - Error action_start: Arknights, found_index is specified as 0, but 0 window/s found
2024-06-26 14:14:09 - Started recruit.py
2024-06-26 14:14:07 - Error action_start: Arknights, found_index is specified as 0, but 0 window/s found
2024-06-26 14:14:07 - Started get_recruit.py
2024-06-26 14:14:05 - Error action_start: Arknights, found_index is specified as 0, but 0 window/s found
2024-06-26 14:14:05 - Started login.py
2024-06-26 14:14:05 - Started 1_start.py
2024-06-26 14:14:02 - Ended record_start.py
2024-06-26 14:13:55 - Error action_start: Safe Mode, found_index is specified as 0, but 0 window/s found
2024-06-26 14:13:48 - Started record_start.py
2024-06-26 14:13:48 - Started 0_start.py
2024-06-26 14:01:22 - Started hibernate.py
2024-06-26 14:01:20 - Ended 0_start.py
2024-06-26 14:01:19 - Error action_start: OBS, There is no active desktop required for moving mouse cursor!

2024-06-26 14:01:19 - Started record_stop.py
2024-06-26 14:01:17 - Error action_start: Arknights, found_index is specified as 0, but 0 window/s found
2024-06-26 14:01:17 - Started stop.py
2024-06-26 14:01:15 - Ended 1_start.py
2024-06-26 14:01:14 - Error action_start: Arknights, found_index is specified as 0, but 0 window/s found
2024-06-26 14:01:14 - Started event.py
2024-06-26 14:01:13 - Error action_start: Arknights, found_index is specified as 0, but 0 window/s found
2024-06-26 14:01:13 - Started exit.py
2024-06-26 14:01:11 - Error action_start: Arknights, found_index is specified as 0, but 0 window/s found
2024-06-26 14:01:11 - Started scout.py
2024-06-26 14:01:09 - Error action_start: Arknights, found_index is specified as 0, but 0 window/s found
2024-06-26 14:01:09 - Started drone_exp.py
2024-06-26 14:01:07 - Error action_start: Arknights, found_index is specified as 0, but 0 window/s found
2024-06-26 14:01:07 - Started collect.py
2024-06-26 14:01:06 - Error action_start: Arknights, found_index is specified as 0, but 0 window/s found
2024-06-26 14:01:06 - Started enter.py
2024-06-26 14:00:52 - Started recruit.py
2024-06-26 14:00:50 - Error action_start: Arknights, found_index is specified as 0, but 0 window/s found
2024-06-26 14:00:50 - Started get_recruit.py
2024-06-26 14:00:48 - Error action_start: Arknights, found_index is specified as 0, but 0 window/s found
2024-06-26 14:00:48 - Started login.py
2024-06-26 14:00:48 - Started 1_start.py
2024-06-26 14:00:46 - Error action_start: Google Play, (5, 'MoveWindow', 'Access is denied.')
2024-06-26 14:00:30 - Started start.py
2024-06-26 14:00:28 - Ended record_start.py
2024-06-26 14:00:21 - Error action_start: Safe Mode, found_index is specified as 0, but 0 window/s found
2024-06-26 14:00:15 - Started record_start.py
2024-06-26 14:00:14 - Started 0_start.py
2024-06-26 13:59:24 - Started 1_start.py
2024-06-26 13:59:22 - Ended start.py
2024-06-26 13:59:22 - GPlay killed
2024-06-26 13:59:20 - GPlay closed
2024-06-26 13:59:20 - GPlay run
2024-06-26 13:55:19 - Started start.py
2024-06-26 13:55:17 - Ended record_start.py
2024-06-26 13:55:10 - Error action_start: Safe Mode, found_index is specified as 0, but 0 window/s found
2024-06-26 13:55:03 - Started record_start.py
2024-06-26 13:55:03 - Started 0_start.py
2024-06-26 08:13:47 - Error action_start: Arknights, found_index is specified as 0, but 0 window/s found
2024-06-26 07:37:24 - Ended rest_fill.py
2024-06-26 07:35:45 - Started rest_fill.py
2024-06-26 07:35:23 - Ended work_2traders.py
2024-06-26 07:31:45 - Started work_2traders.py
2024-06-26 02:27:18 - Started hibernate.py
2024-06-26 02:27:17 - Ended 0_start.py
2024-06-26 02:27:15 - Ended record_stop.py
2024-06-26 02:27:09 - Started record_stop.py
2024-06-26 02:27:07 - Ended stop.py
2024-06-26 02:27:03 - Started stop.py
2024-06-26 02:27:01 - Ended 1_start.py
2024-06-26 02:27:00 - Ended mission.py
2024-06-26 02:26:18 - Started mission.py
2024-06-26 02:26:16 - Ended credit.py
2024-06-26 02:24:22 - Started credit.py
2024-06-26 02:24:20 - Ended event.py
2024-06-26 02:10:51 - Started event.py
2024-06-26 02:10:49 - Ended exit.py
2024-06-26 02:10:27 - Started exit.py
2024-06-26 02:10:25 - Ended scout.py
2024-06-26 02:09:21 - Started scout.py
2024-06-26 02:09:19 - Ended clue_claim.py
2024-06-26 02:07:39 - Started clue_claim.py
2024-06-26 02:07:37 - Ended drone_exp.py
2024-06-26 02:06:59 - Started drone_exp.py
2024-06-26 02:06:58 - Ended collect.py
2024-06-26 02:06:00 - Started collect.py
2024-06-26 02:05:58 - Ended enter.py
2024-06-26 02:05:36 - Started enter.py
2024-06-26 02:05:34 - Ended recruit.py
2024-06-26 02:05:10 - Tags: ['Medic', 'DP-Recovery', 'Supporter', 'AoE', 'Starter']
2024-06-26 02:04:42 - Tags: ['Defender', 'DP-Recovery', 'Medic', 'Slow', 'Starter']
2024-06-26 02:04:13 - Tags: ['Medic', 'Starter', 'Ranged', 'AoE', 'Healing']
2024-06-26 02:03:36 - Started recruit.py
2024-06-26 02:03:34 - Ended get_recruit.py
2024-06-26 02:01:19 - Started get_recruit.py
2024-06-26 02:01:17 - Ended login.py
2024-06-26 02:00:00 - Started login.py
2024-06-26 01:59:25 - Started 1_start.py
2024-06-26 01:59:23 - Ended start.py
2024-06-26 01:59:23 - GPlay killed
2024-06-26 01:59:21 - GPlay closed
2024-06-26 01:59:20 - GPlay run
2024-06-26 01:55:18 - Started start.py
2024-06-26 01:55:17 - Ended record_start.py
2024-06-26 01:55:09 - Error action_start: Safe Mode, found_index is specified as 0, but 0 window/s found
2024-06-26 01:55:03 - Started record_start.py
2024-06-26 01:55:02 - Started 0_start.py
2024-06-26 01:49:22 - Started work_2traders.py
2024-06-25 18:15:18 - Started start.py
2024-06-25 18:15:16 - Ended record_start.py
2024-06-25 18:15:09 - Error action_start: Safe Mode, found_index is specified as 0, but 0 window/s found
2024-06-25 18:15:02 - Started record_start.py
2024-06-25 18:15:02 - Started 0_start.py
2024-06-25 18:10:23 - Started start.py
2024-06-25 18:10:22 - Ended record_start.py
2024-06-25 18:10:14 - Error action_start: Safe Mode, found_index is specified as 0, but 0 window/s found
2024-06-25 18:10:08 - Started record_start.py
2024-06-25 18:10:07 - Started 0_start.py
2024-06-25 18:09:33 - Started 1_start.py
2024-06-25 18:09:32 - Error action_start: Google Play, (5, 'MoveWindow', 'Access is denied.')
2024-06-25 18:09:16 - Started start.py
2024-06-25 18:09:14 - Ended record_start.py
2024-06-25 18:09:07 - Error action_start: Safe Mode, found_index is specified as 0, but 0 window/s found
2024-06-25 18:09:00 - Started record_start.py
2024-06-25 18:09:00 - Started 0_start.py
2024-06-25 17:46:31 - Started 1_start.py
2024-06-25 17:46:30 - Error action_start: Google Play, Error code from Windows: 0 - The operation completed successfully.
2024-06-25 17:46:14 - Started start.py
2024-06-25 17:46:13 - Error action_start: OBS, Error code from Windows: 0 - The operation completed successfully.
2024-06-25 17:46:08 - Error action_start: Safe Mode, list index out of range
2024-06-25 17:46:01 - Started record_start.py
2024-06-25 17:46:01 - Started 0_start.py
2024-06-25 17:41:09 - Ended record_start.py
2024-06-25 17:41:01 - Error action_start: Safe Mode, list index out of range
2024-06-25 17:40:55 - Started record_start.py
2024-06-25 17:19:36 - Started start.py
2024-06-25 17:19:34 - Ended record_start.py
2024-06-25 17:19:27 - Error action_start: Safe Mode, No window found matching: Safe Mode
2024-06-25 17:19:21 - Started record_start.py
2024-06-25 17:19:20 - Started 0_start.py
2024-06-25 17:16:17 - Started start.py
2024-06-25 17:16:16 - Ended record_start.py
2024-06-25 17:16:08 - Error action_start: Safe Mode, No window found matching: Safe Mode
2024-06-25 17:16:02 - Started record_start.py
2024-06-25 17:16:01 - Started 0_start.py
2024-06-25 16:57:12 - Error action_start: Google Play, (5, 'BringWindowToTop', 'Access is denied.')
2024-06-25 16:50:38 - Started 1_start.py
2024-06-25 16:50:37 - Error action_start: Google Play, (0, 'SetForegroundWindow', 'No error message is available')
2024-06-25 16:50:22 - Started start.py
2024-06-25 16:50:20 - Error action_start: OBS, (0, 'SetForegroundWindow', 'No error message is available')
2024-06-25 16:50:15 - Error action_start: Safe Mode, No window found matching: Safe Mode
2024-06-25 16:50:08 - Started record_start.py
2024-06-25 16:50:08 - Started 0_start.py
2024-06-25 16:24:16 - Started start.py
2024-06-25 16:24:15 - Ended record_start.py
2024-06-25 16:24:07 - Error action_start: Safe Mode, No window found matching: Safe Mode
2024-06-25 16:24:01 - Started record_start.py
2024-06-25 16:24:00 - Started 0_start.py
2024-06-25 16:14:31 - Started 1_start.py
2024-06-25 16:14:29 - Error action_start: Google Play, (0, 'SetForegroundWindow', 'No error message is available')
2024-06-25 16:14:14 - Started start.py
2024-06-25 16:14:13 - Error action_start: OBS, (0, 'SetForegroundWindow', 'No error message is available')
2024-06-25 16:14:07 - Error action_start: Safe Mode, No window found matching: Safe Mode
2024-06-25 16:14:01 - Started record_start.py
2024-06-25 16:14:01 - Started 0_start.py
2024-06-25 16:05:31 - Started 1_start.py
2024-06-25 16:05:30 - Error action_start: Google Play, (0, 'SetForegroundWindow', 'No error message is available')
2024-06-25 16:05:15 - Started start.py
2024-06-25 16:05:13 - Error action_start: OBS, (0, 'SetForegroundWindow', 'No error message is available')
2024-06-25 16:05:08 - Error action_start: Safe Mode, No window found matching: Safe Mode
2024-06-25 16:05:01 - Started record_start.py
2024-06-25 16:05:01 - Started 0_start.py
2024-06-25 15:55:13 - Started start.py
2024-06-25 15:55:12 - Ended record_start.py
2024-06-25 15:55:04 - Error action_start: Safe Mode, No window found matching: Safe Mode
2024-06-25 15:54:59 - Started record_start.py
2024-06-25 15:54:59 - Started 0_start.py
2024-06-25 15:54:17 - Started start.py
2024-06-25 15:54:15 - Ended record_start.py
2024-06-25 15:54:08 - Error action_start: Safe Mode, No window found matching: Safe Mode
2024-06-25 15:54:03 - Started record_start.py
2024-06-25 15:54:02 - Started 0_start.py
2024-06-25 15:53:44 - Started start.py
2024-06-25 15:53:42 - Ended record_start.py
2024-06-25 15:53:35 - Error action_start: Safe Mode, No window found matching: Safe Mode
2024-06-25 15:53:30 - Started record_start.py
2024-06-25 15:53:29 - Started 0_start.py
2024-06-25 15:52:30 - Started 1_start.py
2024-06-25 15:52:28 - Error action_start: Google Play, (0, 'SetForegroundWindow', 'No error message is available')
2024-06-25 15:52:13 - Started start.py
2024-06-25 15:52:12 - Error action_start: OBS, (0, 'SetForegroundWindow', 'No error message is available')
2024-06-25 15:52:07 - Error action_start: Safe Mode, No window found matching: Safe Mode
2024-06-25 15:52:01 - Started record_start.py
2024-06-25 15:52:01 - Started 0_start.py
2024-06-25 15:37:55 - Started hibernate.py
2024-06-25 15:37:53 - Ended 0_start.py
2024-06-25 15:37:52 - Error action_start: OBS, (0, 'SetForegroundWindow', 'No error message is available')
2024-06-25 15:37:52 - Started record_stop.py
2024-06-25 15:37:50 - Error action_start: Arknights, No window found matching: Arknights
2024-06-25 15:37:50 - Started stop.py
2024-06-25 15:37:49 - Ended 1_start.py
2024-06-25 15:37:48 - Error action_start: Arknights, No window found matching: Arknights
2024-06-25 15:37:48 - Started event.py
2024-06-25 15:37:46 - Error action_start: Arknights, No window found matching: Arknights
2024-06-25 15:37:46 - Started exit.py
2024-06-25 15:37:45 - Error action_start: Arknights, No window found matching: Arknights
2024-06-25 15:37:45 - Started scout.py
2024-06-25 15:37:43 - Error action_start: Arknights, No window found matching: Arknights
2024-06-25 15:37:43 - Started drone_exp.py
2024-06-25 15:37:41 - Error action_start: Arknights, No window found matching: Arknights
2024-06-25 15:37:41 - Started collect.py
2024-06-25 15:37:40 - Error action_start: Arknights, No window found matching: Arknights
2024-06-25 15:37:40 - Started enter.py
2024-06-25 15:37:38 - Error action_start: Arknights, No window found matching: Arknights
2024-06-25 15:37:34 - Started recruit.py
2024-06-25 15:37:32 - Error action_start: Arknights, No window found matching: Arknights
2024-06-25 15:37:32 - Started get_recruit.py
2024-06-25 15:37:31 - Error action_start: Arknights, No window found matching: Arknights
2024-06-25 15:37:31 - Started login.py
2024-06-25 15:37:30 - Started 1_start.py
2024-06-25 15:37:29 - Error action_start: Google Play, (0, 'SetForegroundWindow', 'No error message is available')
2024-06-25 15:37:14 - Started start.py
2024-06-25 15:37:12 - Error action_start: OBS, (0, 'SetForegroundWindow', 'No error message is available')
2024-06-25 15:37:07 - Error action_start: Safe Mode, No window found matching: Safe Mode
2024-06-25 15:37:02 - Started record_start.py
2024-06-25 15:37:01 - Started 0_start.py
2024-06-25 15:24:44 - Error action_start: Safe Mode, No window found matching: Safe Mode
2024-06-25 13:55:59 - Started hibernate.py
2024-06-25 13:55:57 - Ended 0_start.py
2024-06-25 13:55:56 - Error action_start: OBS, (0, 'SetForegroundWindow', 'No error message is available')
2024-06-25 13:55:56 - Started record_stop.py
2024-06-25 13:55:54 - Error action_start: Arknights, No window found matching: Arknights
2024-06-25 13:55:54 - Started stop.py
2024-06-25 13:55:53 - Ended 1_start.py
2024-06-25 13:55:52 - Error action_start: Arknights, No window found matching: Arknights
2024-06-25 13:55:52 - Started mission.py
2024-06-25 13:55:50 - Error action_start: Arknights, No window found matching: Arknights
2024-06-25 13:55:50 - Started credit.py
2024-06-25 13:55:48 - Error action_start: Arknights, No window found matching: Arknights
2024-06-25 13:55:48 - Started event.py
2024-06-25 13:55:47 - Error action_start: Arknights, No window found matching: Arknights
2024-06-25 13:55:47 - Started exit.py
2024-06-25 13:55:45 - Error action_start: Arknights, No window found matching: Arknights
2024-06-25 13:55:45 - Started scout.py
2024-06-25 13:55:43 - Error action_start: Arknights, No window found matching: Arknights
2024-06-25 13:55:43 - Started drone_exp.py
2024-06-25 13:55:42 - Error action_start: Arknights, No window found matching: Arknights
2024-06-25 13:55:42 - Started collect.py
2024-06-25 13:55:40 - Error action_start: Arknights, No window found matching: Arknights
2024-06-25 13:55:40 - Started enter.py
2024-06-25 13:55:38 - Error action_start: Arknights, No window found matching: Arknights
2024-06-25 13:55:35 - Started recruit.py
2024-06-25 13:55:34 - Error action_start: Arknights, No window found matching: Arknights
2024-06-25 13:55:34 - Started get_recruit.py
2024-06-25 13:55:32 - Error action_start: Arknights, No window found matching: Arknights
2024-06-25 13:55:32 - Started login.py
2024-06-25 13:55:32 - Started 1_start.py
2024-06-25 13:55:30 - Error action_start: Google Play, (0, 'SetForegroundWindow', 'No error message is available')
2024-06-25 13:55:15 - Started start.py
2024-06-25 13:55:13 - Error action_start: OBS, (0, 'SetForegroundWindow', 'No error message is available')
2024-06-25 13:55:08 - Error action_start: Safe Mode, No window found matching: Safe Mode
2024-06-25 13:55:03 - Started record_start.py
2024-06-25 13:55:02 - Started 0_start.py
2024-06-25 08:05:02 - Started record_start.py
2024-06-25 08:05:02 - Started 0_start.py
2024-06-25 08:03:43 - Started start.py
2024-06-25 08:03:41 - Ended record_start.py
2024-06-25 08:03:34 - Error action_start: Safe Mode, No window found matching: Safe Mode
2024-06-25 08:03:29 - Started record_start.py
2024-06-25 08:03:28 - Started 0_start.py
2024-06-25 01:56:01 - Started hibernate.py
2024-06-25 01:55:59 - Ended 0_start.py
2024-06-25 01:55:58 - Error action_start: OBS, (0, 'SetForegroundWindow', 'No error message is available')
2024-06-25 01:55:58 - Started record_stop.py
2024-06-25 01:55:56 - Error action_start: Arknights, No window found matching: Arknights
2024-06-25 01:55:56 - Started stop.py
2024-06-25 01:55:55 - Ended 1_start.py
2024-06-25 01:55:53 - Error action_start: Arknights, No window found matching: Arknights
2024-06-25 01:55:53 - Started mission.py
2024-06-25 01:55:52 - Error action_start: Arknights, No window found matching: Arknights
2024-06-25 01:55:52 - Started credit.py
2024-06-25 01:55:50 - Error action_start: Arknights, No window found matching: Arknights
2024-06-25 01:55:50 - Started event.py
2024-06-25 01:55:48 - Error action_start: Arknights, No window found matching: Arknights
2024-06-25 01:55:48 - Started exit.py
2024-06-25 01:55:47 - Error action_start: Arknights, No window found matching: Arknights
2024-06-25 01:55:47 - Started scout.py
2024-06-25 01:55:45 - Error action_start: Arknights, No window found matching: Arknights
2024-06-25 01:55:45 - Started clue_claim.py
2024-06-25 01:55:43 - Error action_start: Arknights, No window found matching: Arknights
2024-06-25 01:55:43 - Started drone_exp.py
2024-06-25 01:55:42 - Error action_start: Arknights, No window found matching: Arknights
2024-06-25 01:55:42 - Started collect.py
2024-06-25 01:55:40 - Error action_start: Arknights, No window found matching: Arknights
2024-06-25 01:55:40 - Started enter.py
2024-06-25 01:55:38 - Error action_start: Arknights, No window found matching: Arknights
2024-06-25 01:55:35 - Started recruit.py
2024-06-25 01:55:34 - Error action_start: Arknights, No window found matching: Arknights
2024-06-25 01:55:34 - Started get_recruit.py
2024-06-25 01:55:32 - Error action_start: Arknights, No window found matching: Arknights
2024-06-25 01:55:32 - Started login.py
2024-06-25 01:55:31 - Started 1_start.py
2024-06-25 01:55:30 - Error action_start: Google Play, (0, 'SetForegroundWindow', 'No error message is available')
2024-06-25 01:55:15 - Started start.py
2024-06-25 01:55:13 - Error action_start: OBS, (0, 'SetForegroundWindow', 'No error message is available')
2024-06-25 01:55:08 - Error action_start: Safe Mode, No window found matching: Safe Mode
2024-06-25 01:55:03 - Started record_start.py
2024-06-25 01:55:02 - Started 0_start.py
2024-06-24 16:21:16 - Started hibernate.py
2024-06-24 16:21:15 - Ended 0_start.py
2024-06-24 16:21:12 - Started record_stop.py
2024-06-24 16:21:09 - Started stop.py
2024-06-24 16:21:07 - Ended 1_start.py
2024-06-24 16:21:06 - Ended event.py
2024-06-24 16:07:37 - Started event.py
2024-06-24 16:07:35 - Ended exit.py
2024-06-24 16:07:12 - Started exit.py
2024-06-24 16:07:10 - Ended scout.py
2024-06-24 16:06:06 - Started scout.py
2024-06-24 16:06:04 - Ended drone_exp.py
2024-06-24 16:05:27 - Started drone_exp.py
2024-06-24 16:05:25 - Ended collect.py
2024-06-24 16:04:27 - Started collect.py
2024-06-24 16:04:25 - Ended enter.py
2024-06-24 16:04:03 - Started enter.py
2024-06-24 16:04:02 - Ended recruit.py
2024-06-24 16:03:37 - Tags: ['Sniper', 'Melee', 'Caster', 'AoE', 'Vanguard']
2024-06-24 16:03:09 - Tags: ['Medic', 'Starter', 'Supporter', 'AoE', 'Ranged']
2024-06-24 16:02:39 - Tags: ['Ranged', 'Fast-Redeploy', 'Starter', 'Shift', 'DP-Recovery']
2024-06-24 16:02:10 - Tags: ['Supporter', 'Ranged', 'Caster', 'DP-Recovery', 'Vanguard']
2024-06-24 16:01:47 - Started recruit.py
2024-06-24 16:01:46 - Ended get_recruit.py
2024-06-24 15:59:29 - Started get_recruit.py
2024-06-24 15:59:27 - Ended login.py
2024-06-24 15:58:09 - Started login.py
2024-06-24 15:58:09 - Started 1_start.py
2024-06-24 15:58:07 - Ended start.py
2024-06-24 15:58:07 - GPlay killed
2024-06-24 15:58:05 - GPlay closed
2024-06-24 15:58:05 - GPlay run
2024-06-24 15:54:03 - Started start.py
2024-06-24 15:54:02 - Ended record_start.py
2024-06-24 15:53:54 - Error action_start: Safe Mode, No window found matching: Safe Mode
2024-06-24 15:53:49 - Started record_start.py
2024-06-24 15:53:49 - Started 0_start.py
2024-06-24 15:51:05 - Started start.py
2024-06-24 15:51:04 - Ended record_start.py
2024-06-24 15:50:57 - Error action_start: Safe Mode, No window found matching: Safe Mode
2024-06-24 15:50:51 - Started record_start.py
2024-06-24 15:50:51 - Started 0_start.py
2024-06-24 15:18:11 - Error action_start: Google Play Games beta, (1400, 'SetForegroundWindow', 'Invalid window handle.')
2024-06-24 15:11:26 - Error action_start: Google Play, (1400, 'SetForegroundWindow', 'Invalid window handle.')
2024-06-24 15:10:45 - Error action_start: Google Play, (1400, 'SetForegroundWindow', 'Invalid window handle.')
2024-06-24 15:10:02 - Error action_start: Google Play, 'WindowMgr' object has no attribute 'find_window_wildcard'
2024-06-24 14:50:40 - Error action_start: Google Play, (5, 'MoveWindow', 'Access is denied.')
2024-06-24 14:46:22 - Started start.py
2024-06-24 14:46:21 - Ended record_start.py
2024-06-24 14:46:14 - Error action_start: Safe Mode, (1400, 'SetForegroundWindow', 'Invalid window handle.')
2024-06-24 14:46:09 - Started record_start.py
2024-06-24 14:46:08 - Started 0_start.py
2024-06-24 14:45:30 - Started hibernate.py
2024-06-24 14:45:28 - Ended 0_start.py
2024-06-24 14:45:26 - Started record_stop.py
2024-06-24 14:45:24 - Error action_start: Arknights, (1400, 'SetForegroundWindow', 'Invalid window handle.')
2024-06-24 14:45:24 - Started stop.py
2024-06-24 14:45:23 - Ended 1_start.py
2024-06-24 14:45:22 - Error action_start: Arknights, (1400, 'SetForegroundWindow', 'Invalid window handle.')
2024-06-24 14:45:21 - Started event.py
2024-06-24 14:45:20 - Error action_start: Arknights, (1400, 'SetForegroundWindow', 'Invalid window handle.')
2024-06-24 14:45:20 - Started exit.py
2024-06-24 14:45:18 - Error action_start: Arknights, (1400, 'SetForegroundWindow', 'Invalid window handle.')
2024-06-24 14:45:18 - Started scout.py
2024-06-24 14:45:17 - Error action_start: Arknights, (1400, 'SetForegroundWindow', 'Invalid window handle.')
2024-06-24 14:45:16 - Started drone_exp.py
2024-06-24 14:45:15 - Error action_start: Arknights, (1400, 'SetForegroundWindow', 'Invalid window handle.')
2024-06-24 14:45:15 - Started collect.py
2024-06-24 14:45:13 - Error action_start: Arknights, (1400, 'SetForegroundWindow', 'Invalid window handle.')
2024-06-24 14:45:13 - Started enter.py
2024-06-24 14:45:11 - Error action_start: Arknights, (1400, 'SetForegroundWindow', 'Invalid window handle.')
2024-06-24 14:45:08 - Started recruit.py
2024-06-24 14:45:06 - Error action_start: Arknights, (1400, 'SetForegroundWindow', 'Invalid window handle.')
2024-06-24 14:45:06 - Started get_recruit.py
2024-06-24 14:45:05 - Error action_start: Arknights, (1400, 'SetForegroundWindow', 'Invalid window handle.')
2024-06-24 14:45:05 - Started login.py
2024-06-24 14:45:04 - Started 1_start.py
2024-06-24 14:45:03 - Error action_start: Google Play, (5, 'MoveWindow', 'Access is denied.')
2024-06-24 14:44:47 - Started start.py
2024-06-24 14:44:46 - Ended record_start.py
2024-06-24 14:44:39 - Error action_start: Safe Mode, (1400, 'SetForegroundWindow', 'Invalid window handle.')
2024-06-24 14:44:34 - Started record_start.py
2024-06-24 14:44:33 - Started 0_start.py
2024-06-24 14:37:50 - Started start.py
2024-06-24 14:37:49 - Ended record_start.py
2024-06-24 14:37:42 - Error action_start: Safe Mode, (1400, 'SetForegroundWindow', 'Invalid window handle.')
2024-06-24 14:37:37 - Started record_start.py
2024-06-24 14:37:37 - Started 0_start.py
2024-06-24 14:35:44 - Ended record_start.py
2024-06-24 14:35:37 - Error action_start: Safe Mode, (1400, 'SetForegroundWindow', 'Invalid window handle.')
2024-06-24 14:35:32 - Started record_start.py
2024-06-24 14:00:32 - Started hibernate.py
2024-06-24 14:00:30 - Ended 0_start.py
2024-06-24 14:00:29 - Error action_start: OBS, (0, 'SetForegroundWindow', 'No error message is available')
2024-06-24 14:00:29 - Started record_stop.py
2024-06-24 14:00:28 - Error action_start: Arknights, (1400, 'SetForegroundWindow', 'Invalid window handle.')
2024-06-24 14:00:28 - Started stop.py
2024-06-24 14:00:26 - Ended 1_start.py
2024-06-24 14:00:25 - Error action_start: Arknights, (1400, 'SetForegroundWindow', 'Invalid window handle.')
2024-06-24 14:00:25 - Started event.py
2024-06-24 14:00:23 - Error action_start: Arknights, (1400, 'SetForegroundWindow', 'Invalid window handle.')
2024-06-24 14:00:23 - Started exit.py
2024-06-24 14:00:22 - Error action_start: Arknights, (1400, 'SetForegroundWindow', 'Invalid window handle.')
2024-06-24 14:00:22 - Started scout.py
2024-06-24 14:00:20 - Error action_start: Arknights, (1400, 'SetForegroundWindow', 'Invalid window handle.')
2024-06-24 14:00:20 - Started drone_exp.py
2024-06-24 14:00:18 - Error action_start: Arknights, (1400, 'SetForegroundWindow', 'Invalid window handle.')
2024-06-24 14:00:18 - Started collect.py
2024-06-24 14:00:17 - Error action_start: Arknights, (1400, 'SetForegroundWindow', 'Invalid window handle.')
2024-06-24 14:00:17 - Started enter.py
2024-06-24 14:00:03 - Started recruit.py
2024-06-24 14:00:02 - Error action_start: Arknights, (1400, 'SetForegroundWindow', 'Invalid window handle.')
2024-06-24 14:00:02 - Started get_recruit.py
2024-06-24 14:00:00 - Error action_start: Arknights, (1400, 'SetForegroundWindow', 'Invalid window handle.')
2024-06-24 14:00:00 - Started login.py
2024-06-24 13:55:33 - Started 1_start.py
2024-06-24 13:55:31 - Error action_start: Google Play, (0, 'SetForegroundWindow', 'No error message is available')
2024-06-24 13:55:16 - Started start.py
2024-06-24 13:55:14 - Error action_start: OBS, (0, 'SetForegroundWindow', 'No error message is available')
2024-06-24 13:55:09 - Error action_start: Safe Mode, (1400, 'SetForegroundWindow', 'Invalid window handle.')
2024-06-24 13:55:04 - Started record_start.py
2024-06-24 13:55:03 - Started 0_start.py
2024-06-24 13:03:07 - Ended record_start.py
2024-06-24 13:02:54 - Started record_start.py
2024-06-24 13:00:19 - Ended record_start.py
2024-06-24 13:00:13 - Error action_start: Safe Mode, (1400, 'SetForegroundWindow', 'Invalid window handle.')
2024-06-24 13:00:08 - Started record_start.py
2024-06-24 12:49:50 - Error action_start: OBS, The object is not a PyHANDLE object
2024-06-24 12:49:45 - Error action_start: Safe Mode, (1400, 'SetForegroundWindow', 'Invalid window handle.')
2024-06-24 12:49:40 - Started record_start.py
2024-06-24 12:48:49 - Error action_start: OBS, The object is not a PyHANDLE object
2024-06-24 12:48:44 - Error action_start: Safe Mode, (1400, 'SetForegroundWindow', 'Invalid window handle.')
2024-06-24 12:48:39 - Started record_start.py
2024-06-24 12:47:21 - Error action_start: OBS, The object is not a PyHANDLE object
2024-06-24 12:47:16 - Error action_start: Safe Mode, (1400, 'SetForegroundWindow', 'Invalid window handle.')
2024-06-24 12:47:16 - Started record_start.py
2024-06-24 12:46:40 - Error action_start: OBS, The object is not a PyHANDLE object
2024-06-24 12:46:35 - Error action_start: Safe Mode, (1400, 'SetForegroundWindow', 'Invalid window handle.')
2024-06-24 12:46:35 - Started record_start.py
2024-06-24 12:45:44 - Error action_start: OBS, The object is not a PyHANDLE object
2024-06-24 12:45:39 - Error action_start: Safe Mode, (1400, 'SetForegroundWindow', 'Invalid window handle.')
2024-06-24 12:45:39 - Started record_start.py
2024-06-24 12:07:27 - Started start.py
2024-06-24 12:07:25 - Ended record_start.py
2024-06-24 12:07:19 - Error action_start: Safe Mode, list index out of range
2024-06-24 12:07:19 - Started record_start.py
2024-06-24 12:07:18 - Started 0_start.py
2024-06-24 12:06:40 - Ended record_start.py
2024-06-24 12:06:34 - Error action_start: Safe Mode, list index out of range
2024-06-24 12:06:34 - Started record_start.py
2024-06-24 12:05:10 - Started start.py
2024-06-24 12:05:08 - Ended record_start.py
2024-06-24 12:05:02 - Error action_start: Safe Mode, list index out of range
2024-06-24 12:05:01 - Started record_start.py
2024-06-24 12:05:01 - Started 0_start.py
2024-06-24 02:00:35 - Started hibernate.py
2024-06-24 02:00:33 - Ended 0_start.py
2024-06-24 02:00:32 - Ended record_stop.py
2024-06-24 02:00:25 - Started record_stop.py
2024-06-24 02:00:23 - Error action_start: Arknights, list index out of range
2024-06-24 02:00:23 - Started stop.py
2024-06-24 02:00:21 - Ended 1_start.py
2024-06-24 02:00:20 - Error action_start: Arknights, list index out of range
2024-06-24 02:00:20 - Started mission.py
2024-06-24 02:00:19 - Error action_start: Arknights, list index out of range
2024-06-24 02:00:19 - Started credit.py
2024-06-24 02:00:17 - Error action_start: Arknights, list index out of range
2024-06-24 02:00:17 - Started event.py
2024-06-24 02:00:16 - Error action_start: Arknights, list index out of range
2024-06-24 02:00:16 - Started exit.py
2024-06-24 02:00:14 - Error action_start: Arknights, list index out of range
2024-06-24 02:00:14 - Started scout.py
2024-06-24 02:00:13 - Error action_start: Arknights, list index out of range
2024-06-24 02:00:13 - Started clue_claim.py
2024-06-24 02:00:11 - Error action_start: Arknights, list index out of range
2024-06-24 02:00:11 - Started drone_exp.py
2024-06-24 02:00:09 - Error action_start: Arknights, list index out of range
2024-06-24 02:00:09 - Started collect.py
2024-06-24 02:00:08 - Error action_start: Arknights, list index out of range
2024-06-24 02:00:08 - Started enter.py
2024-06-24 02:00:06 - Error action_start: Arknights, list index out of range
2024-06-24 02:00:03 - Started recruit.py
2024-06-24 02:00:02 - Error action_start: Arknights, list index out of range
2024-06-24 02:00:02 - Started get_recruit.py
2024-06-24 02:00:00 - Error action_start: Arknights, list index out of range
2024-06-24 02:00:00 - Started login.py
2024-06-24 01:59:10 - Started 1_start.py
2024-06-24 01:59:08 - Ended start.py
2024-06-24 01:59:08 - GPlay killed
2024-06-24 01:59:06 - GPlay closed
2024-06-24 01:59:06 - GPlay run
2024-06-24 01:55:11 - Started start.py
2024-06-24 01:55:10 - Ended record_start.py
2024-06-24 01:55:03 - Error action_start: Safe Mode, list index out of range
2024-06-24 01:55:03 - Started record_start.py
2024-06-24 01:55:02 - Started 0_start.py
2024-06-23 15:53:22 - Ended event_105.py
2024-06-23 15:40:00 - Started event_105.py
2024-06-23 15:39:51 - Started rest_fill.py
2024-06-23 15:34:57 - Started event_105.py
2024-06-23 15:06:13 - Ended rest_fill.py
2024-06-23 15:04:34 - Started rest_fill.py
2024-06-23 15:04:16 - Ended work_2traders.py
2024-06-23 15:00:39 - Started work_2traders.py
2024-06-23 14:52:18 - Started work_2traders.py
2024-06-23 14:51:34 - Started work_2traders.py
2024-06-23 14:43:16 - Started hibernate.py
2024-06-23 14:43:15 - Ended 0_start.py
2024-06-23 14:43:13 - Ended record_stop.py
2024-06-23 14:43:06 - Started record_stop.py
2024-06-23 14:43:04 - Ended stop.py
2024-06-23 14:42:59 - Started stop.py
2024-06-23 14:42:58 - Ended 1_start.py
2024-06-23 14:42:57 - Ended RC_120.py
2024-06-23 14:34:12 - Started RC_120.py
2024-06-23 14:34:10 - Ended exit.py
2024-06-23 14:33:49 - Started exit.py
2024-06-23 14:33:47 - Ended scout.py
2024-06-23 14:32:44 - Started scout.py
2024-06-23 14:32:43 - Ended drone_exp.py
2024-06-23 14:32:06 - Started drone_exp.py
2024-06-23 14:32:04 - Ended collect.py
2024-06-23 14:31:13 - Started collect.py
2024-06-23 14:31:12 - Ended enter.py
2024-06-23 14:30:51 - Started enter.py
2024-06-23 14:30:49 - Ended recruit.py
2024-06-23 14:30:26 - Tags: ['Guard', 'Ranged', 'Vanguard', 'AoE', 'Melee']
2024-06-23 14:30:00 - Tags: ['Defender', 'Starter', 'Medic', 'AoE', 'Supporter']
2024-06-23 14:29:34 - Tags: ['Guard', 'Starter', 'Sniper', 'AoE', 'Defender']
2024-06-23 14:29:08 - Tags: ['Guard', 'Ranged', 'Defender', 'Starter', 'Caster']
2024-06-23 14:28:47 - Started recruit.py
2024-06-23 14:28:45 - Ended get_recruit.py
2024-06-23 14:26:36 - Started get_recruit.py
2024-06-23 14:26:34 - Ended login.py
2024-06-23 14:25:30 - Started login.py
2024-06-23 14:25:29 - Started 1_start.py
2024-06-23 14:25:28 - Ended start.py
2024-06-23 14:25:28 - GPlay killed
2024-06-23 14:25:25 - GPlay closed
2024-06-23 14:25:25 - GPlay run
2024-06-23 14:21:31 - Started start.py
2024-06-23 14:21:29 - Ended record_start.py
2024-06-23 14:21:23 - Error action_start: Safe Mode, list index out of range
2024-06-23 14:21:22 - Started record_start.py
2024-06-23 14:21:22 - Started 0_start.py
2024-06-23 14:00:24 - Started hibernate.py
2024-06-23 14:00:23 - Ended 0_start.py
2024-06-23 14:00:22 - Error action_start: OBS, Error code from Windows: 0 - The operation completed successfully.
2024-06-23 14:00:21 - Started record_stop.py
2024-06-23 14:00:20 - Error action_start: Arknights, list index out of range
2024-06-23 14:00:20 - Started stop.py
2024-06-23 14:00:18 - Ended 1_start.py
2024-06-23 14:00:17 - Error action_start: Arknights, list index out of range
2024-06-23 14:00:17 - Started RC_120.py
2024-06-23 14:00:16 - Error action_start: Arknights, list index out of range
2024-06-23 14:00:16 - Started exit.py
2024-06-23 14:00:14 - Error action_start: Arknights, list index out of range
2024-06-23 14:00:14 - Started scout.py
2024-06-23 14:00:12 - Error action_start: Arknights, list index out of range
2024-06-23 14:00:12 - Started drone_exp.py
2024-06-23 14:00:11 - Error action_start: Arknights, list index out of range
2024-06-23 14:00:11 - Started collect.py
2024-06-23 14:00:09 - Error action_start: Arknights, list index out of range
2024-06-23 14:00:09 - Started enter.py
2024-06-23 14:00:08 - Error action_start: Arknights, list index out of range
2024-06-23 14:00:04 - Started recruit.py
2024-06-23 14:00:02 - Error action_start: Arknights, list index out of range
2024-06-23 14:00:02 - Started get_recruit.py
2024-06-23 14:00:01 - Error action_start: Arknights, list index out of range
2024-06-23 14:00:01 - Started login.py
2024-06-23 13:55:27 - Started 1_start.py
2024-06-23 13:55:25 - Error action_start: Google Play, Error code from Windows: 0 - The operation completed successfully.
2024-06-23 13:55:10 - Started start.py
2024-06-23 13:55:09 - Error action_start: OBS, Error code from Windows: 0 - The operation completed successfully.
2024-06-23 13:55:04 - Error action_start: Safe Mode, list index out of range
2024-06-23 13:55:03 - Started record_start.py
2024-06-23 13:55:02 - Started 0_start.py
2024-06-23 02:00:31 - Started hibernate.py
2024-06-23 02:00:30 - Ended 0_start.py
2024-06-23 02:00:28 - Error action_start: OBS, Error code from Windows: 0 - The operation completed successfully.
2024-06-23 02:00:28 - Started record_stop.py
2024-06-23 02:00:27 - Error action_start: Arknights, list index out of range
2024-06-23 02:00:27 - Started stop.py
2024-06-23 02:00:25 - Ended 1_start.py
2024-06-23 02:00:24 - Error action_start: Arknights, list index out of range
2024-06-23 02:00:24 - Started mission.py
2024-06-23 02:00:22 - Error action_start: Arknights, list index out of range
2024-06-23 02:00:22 - Started credit.py
2024-06-23 02:00:21 - Error action_start: Arknights, list index out of range
2024-06-23 02:00:21 - Started RC_120.py
2024-06-23 02:00:19 - Error action_start: Arknights, list index out of range
2024-06-23 02:00:19 - Started exit.py
2024-06-23 02:00:18 - Error action_start: Arknights, list index out of range
2024-06-23 02:00:18 - Started scout.py
2024-06-23 02:00:16 - Error action_start: Arknights, list index out of range
2024-06-23 02:00:16 - Started clue_claim.py
2024-06-23 02:00:15 - Error action_start: Arknights, list index out of range
2024-06-23 02:00:15 - Started drone_exp.py
2024-06-23 02:00:13 - Error action_start: Arknights, list index out of range
2024-06-23 02:00:13 - Started rest_fill.py
2024-06-23 02:00:11 - Error action_start: Arknights, list index out of range
2024-06-23 02:00:11 - Started work_2traders.py
2024-06-23 02:00:10 - Error action_start: Arknights, list index out of range
2024-06-23 02:00:10 - Started clear_rest.py
2024-06-23 02:00:08 - Error action_start: Arknights, list index out of range
2024-06-23 02:00:08 - Started enter.py
2024-06-23 02:00:07 - Error action_start: Arknights, list index out of range
2024-06-23 02:00:04 - Started recruit.py
2024-06-23 02:00:02 - Error action_start: Arknights, list index out of range
2024-06-23 02:00:02 - Started get_recruit.py
2024-06-23 02:00:01 - Error action_start: Arknights, list index out of range
2024-06-23 02:00:01 - Started login.py
2024-06-23 01:55:26 - Started 1_start.py
2024-06-23 01:55:24 - Error action_start: Google Play, Error code from Windows: 0 - The operation completed successfully.
2024-06-23 01:55:09 - Started start.py
2024-06-23 01:55:08 - Error action_start: OBS, Error code from Windows: 0 - The operation completed successfully.
2024-06-23 01:55:02 - Error action_start: Safe Mode, list index out of range
2024-06-23 01:55:02 - Started record_start.py
2024-06-23 01:55:02 - Started 0_start.py
2024-06-22 20:05:02 - Started 0_start.py
2024-06-22 14:26:02 - Error action_start: Safe Mode, list index out of range
2024-06-22 14:26:02 - Started record_start.py
2024-06-22 14:26:01 - Started 0_start.py
2024-06-22 14:24:59 - Started start.py
2024-06-22 14:24:57 - Ended record_start.py
2024-06-22 14:24:50 - Error action_start: Safe Mode, list index out of range
2024-06-22 14:24:50 - Started record_start.py
2024-06-22 14:24:50 - Started 0_start.py
2024-06-22 14:23:05 - Started hibernate.py
2024-06-22 14:23:04 - Ended 0_start.py
2024-06-22 14:23:02 - Ended record_stop.py
2024-06-22 14:22:55 - Started record_stop.py
2024-06-22 14:22:53 - Ended stop.py
2024-06-22 14:22:48 - Started stop.py
2024-06-22 14:22:46 - Ended 1_start.py
2024-06-22 14:22:45 - Ended RC_120.py
2024-06-22 14:13:59 - Started RC_120.py
2024-06-22 14:13:58 - Ended exit.py
2024-06-22 14:13:36 - Started exit.py
2024-06-22 14:13:34 - Ended scout.py
2024-06-22 14:12:31 - Started scout.py
2024-06-22 14:12:29 - Ended drone_exp.py
2024-06-22 14:11:52 - Started drone_exp.py
2024-06-22 14:11:50 - Ended rest.py
2024-06-22 14:10:16 - Started rest.py
2024-06-22 14:10:14 - Ended clear.py
2024-06-22 14:06:47 - Started clear.py
2024-06-22 14:06:45 - Ended collect.py
2024-06-22 14:05:53 - Started collect.py
2024-06-22 14:05:51 - Ended enter.py
2024-06-22 14:05:30 - Started enter.py
2024-06-22 14:05:28 - Ended recruit.py
2024-06-22 14:05:05 - Tags: ['Guard', 'Melee', 'Defender', 'Starter', 'Caster']
2024-06-22 14:04:38 - Tags: ['Guard', 'DP-Recovery', 'Melee', 'DPS', 'Starter']
2024-06-22 14:04:11 - Tags: ['Sniper', 'Melee', 'Defender', 'Healing', 'Medic']
2024-06-22 14:03:44 - Tags: ['Guard', 'Vanguard', 'Defender', 'Starter', 'Caster']
2024-06-22 14:03:23 - Started recruit.py
2024-06-22 14:03:21 - Ended get_recruit.py
2024-06-22 14:01:09 - Started get_recruit.py
2024-06-22 14:01:07 - Ended login.py
2024-06-22 14:00:00 - Started login.py
2024-06-22 13:59:11 - Started 1_start.py
2024-06-22 13:59:09 - Ended start.py
2024-06-22 13:59:09 - GPlay killed
2024-06-22 13:59:07 - GPlay closed
2024-06-22 13:59:07 - GPlay run
2024-06-22 13:55:11 - Started start.py
2024-06-22 13:55:09 - Ended record_start.py
2024-06-22 13:55:03 - Error action_start: Safe Mode, list index out of range
2024-06-22 13:55:02 - Started record_start.py
2024-06-22 13:55:02 - Started 0_start.py
2024-06-22 12:58:25 - Ended gel_120.py
2024-06-22 12:44:59 - Started gel_120.py
2024-06-22 02:26:42 - Started hibernate.py
2024-06-22 02:26:41 - Ended 0_start.py
2024-06-22 02:26:40 - Ended record_stop.py
2024-06-22 02:26:32 - Started record_stop.py
2024-06-22 02:26:30 - Ended stop.py
2024-06-22 02:26:25 - Started stop.py
2024-06-22 02:26:24 - Ended 1_start.py
2024-06-22 02:26:23 - Ended mission.py
2024-06-22 02:25:42 - Started mission.py
2024-06-22 02:25:41 - Ended credit.py
2024-06-22 02:23:51 - Started credit.py
2024-06-22 02:23:49 - Ended gel_120.py
2024-06-22 02:10:27 - Started gel_120.py
2024-06-22 02:10:26 - Ended exit.py
2024-06-22 02:10:04 - Started exit.py
2024-06-22 02:10:03 - Ended scout.py
2024-06-22 02:08:59 - Started scout.py
2024-06-22 02:08:58 - Ended clue_claim.py
2024-06-22 02:07:23 - Started clue_claim.py
2024-06-22 02:07:21 - Ended drone_exp.py
2024-06-22 02:06:44 - Started drone_exp.py
2024-06-22 02:06:43 - Ended collect.py
2024-06-22 02:05:51 - Started collect.py
2024-06-22 02:05:49 - Ended enter.py
2024-06-22 02:05:28 - Started enter.py
2024-06-22 02:05:26 - Ended recruit.py
2024-06-22 02:05:03 - Tags: ['Guard', 'Vanguard', 'Defender', 'DP-Recovery', 'Medic']
2024-06-22 02:04:36 - Tags: ['Defender', 'Nuker', 'Medic', 'Slow', 'Supporter']
2024-06-22 02:04:09 - Tags: ['Guard', 'Vanguard', 'Medic', 'DP-Recovery', 'Supporter']
2024-06-22 02:03:42 - Tags: ['Guard', 'Melee', 'Supporter', 'Starter', 'Vanguard']
2024-06-22 02:03:21 - Started recruit.py
2024-06-22 02:03:20 - Ended get_recruit.py
2024-06-22 02:01:09 - Started get_recruit.py
2024-06-22 02:01:07 - Ended login.py
2024-06-22 02:00:01 - Started login.py
2024-06-22 01:59:17 - Started 1_start.py
2024-06-22 01:59:16 - Ended start.py
2024-06-22 01:59:16 - GPlay killed
2024-06-22 01:59:13 - GPlay closed
2024-06-22 01:59:13 - GPlay run
2024-06-22 01:55:18 - Started start.py
2024-06-22 01:55:16 - Ended record_start.py
2024-06-22 01:55:09 - Error action_start: Safe Mode, list index out of range
2024-06-22 01:55:09 - Started record_start.py
2024-06-22 01:55:09 - Started 0_start.py
2024-06-21 14:03:21 - Started recruit.py
2024-06-21 14:03:20 - Ended get_recruit.py
2024-06-21 14:01:09 - Started get_recruit.py
2024-06-21 14:01:08 - Ended login.py
2024-06-21 14:00:01 - Started login.py
2024-06-21 13:59:17 - Started 1_start.py
2024-06-21 13:59:16 - Ended start.py
2024-06-21 13:59:16 - GPlay killed
2024-06-21 13:59:14 - GPlay closed
2024-06-21 13:59:14 - GPlay run
2024-06-21 13:55:18 - Started start.py
2024-06-21 13:55:16 - Ended record_start.py
2024-06-21 13:55:10 - Error action_start: Safe Mode, list index out of range
2024-06-21 13:55:09 - Started record_start.py
2024-06-21 13:55:09 - Started 0_start.py
2024-06-21 02:22:07 - Started hibernate.py
2024-06-21 02:22:05 - Ended 0_start.py
2024-06-21 02:22:04 - Ended record_stop.py
2024-06-21 02:21:56 - Started record_stop.py
2024-06-21 02:21:55 - Ended stop.py
2024-06-21 02:21:50 - Started stop.py
2024-06-21 02:21:48 - Ended 1_start.py
2024-06-21 02:21:47 - Ended mission.py
2024-06-21 02:21:06 - Started mission.py
2024-06-21 02:21:05 - Ended credit.py
2024-06-21 02:19:15 - Started credit.py
2024-06-21 02:19:13 - Ended RC_120.py
2024-06-21 02:10:28 - Started RC_120.py
2024-06-21 02:10:26 - Ended exit.py
2024-06-21 02:10:05 - Started exit.py
2024-06-21 02:10:03 - Ended scout.py
2024-06-21 02:09:00 - Started scout.py
2024-06-21 02:08:58 - Ended clue_claim.py
2024-06-21 02:07:23 - Started clue_claim.py
2024-06-21 02:07:21 - Ended drone_exp.py
2024-06-21 02:06:44 - Started drone_exp.py
2024-06-21 02:06:43 - Ended collect.py
2024-06-21 02:05:50 - Started collect.py
2024-06-21 02:05:49 - Ended enter.py
2024-06-21 02:05:27 - Started enter.py
2024-06-21 02:05:26 - Ended recruit.py
2024-06-21 02:03:21 - Started recruit.py
2024-06-21 02:03:19 - Ended get_recruit.py
2024-06-21 02:01:09 - Started get_recruit.py
2024-06-21 02:01:07 - Ended login.py
2024-06-21 02:00:00 - Started login.py
2024-06-21 01:59:20 - Started 1_start.py
2024-06-21 01:59:18 - Ended start.py
2024-06-21 01:59:18 - GPlay killed
2024-06-21 01:59:16 - GPlay closed
2024-06-21 01:59:16 - GPlay run
2024-06-21 01:55:20 - Started start.py
2024-06-21 01:55:16 - Ended record_start.py
2024-06-21 01:55:09 - Error action_start: Safe Mode, list index out of range
2024-06-21 01:55:09 - Started record_start.py
2024-06-21 01:55:08 - Started 0_start.py
2024-06-20 14:23:26 - Started hibernate.py
2024-06-20 14:23:24 - Ended 0_start.py
2024-06-20 14:23:23 - Ended record_stop.py
2024-06-20 14:23:15 - Started record_stop.py
2024-06-20 14:23:14 - Ended stop.py
2024-06-20 14:23:09 - Started stop.py
2024-06-20 14:23:07 - Ended 1_start.py
2024-06-20 14:23:06 - Ended RC_120.py
2024-06-20 14:14:21 - Started RC_120.py
2024-06-20 14:14:19 - Ended exit.py
2024-06-20 14:13:57 - Started exit.py
2024-06-20 14:13:56 - Ended scout.py
2024-06-20 14:12:52 - Started scout.py
2024-06-20 14:12:51 - Ended drone_exp.py
2024-06-20 14:12:14 - Started drone_exp.py
2024-06-20 14:12:12 - Ended rest_fill.py
2024-06-20 14:10:33 - Started rest_fill.py
2024-06-20 14:10:32 - Ended work_2traders.py
2024-06-20 14:06:54 - Started work_2traders.py
2024-06-20 14:06:52 - Ended clear_rest.py
2024-06-20 14:05:51 - Started clear_rest.py
2024-06-20 14:05:50 - Ended enter.py
2024-06-20 14:05:28 - Started enter.py
2024-06-20 14:05:26 - Ended recruit.py
2024-06-20 14:03:21 - Started recruit.py
2024-06-20 14:03:20 - Ended get_recruit.py
2024-06-20 14:01:09 - Started get_recruit.py
2024-06-20 14:01:07 - Ended login.py
2024-06-20 14:00:01 - Started login.py
2024-06-20 13:59:17 - Started 1_start.py
2024-06-20 13:59:16 - Ended start.py
2024-06-20 13:59:16 - GPlay killed
2024-06-20 13:59:13 - GPlay closed
2024-06-20 13:59:13 - GPlay run
2024-06-20 13:55:17 - Started start.py
2024-06-20 13:55:16 - Ended record_start.py
2024-06-20 13:55:09 - Error action_start: Safe Mode, list index out of range
2024-06-20 13:55:09 - Started record_start.py
2024-06-20 13:55:08 - Started 0_start.py
2024-06-20 08:13:25 - Started hibernate.py
2024-06-20 08:13:24 - Ended 0_start.py
2024-06-20 08:13:23 - Ended record_stop.py
2024-06-20 08:13:15 - Started record_stop.py
2024-06-20 08:13:13 - Ended stop.py
2024-06-20 08:13:08 - Started stop.py
2024-06-20 08:13:07 - Ended 1_start.py
2024-06-20 08:13:06 - Ended rest.py
2024-06-20 08:11:31 - Started rest.py
2024-06-20 08:11:30 - Ended enter.py
2024-06-20 08:11:08 - Started enter.py
2024-06-20 08:11:07 - Ended login.py
2024-06-20 08:10:00 - Started login.py
2024-06-20 08:09:11 - Started 1_start.py
2024-06-20 08:09:09 - Ended start.py
2024-06-20 08:09:09 - GPlay killed
2024-06-20 08:09:07 - GPlay closed
2024-06-20 08:09:07 - GPlay run
2024-06-20 08:05:11 - Started start.py
2024-06-20 08:05:09 - Ended record_start.py
2024-06-20 08:05:03 - Error action_start: Safe Mode, list index out of range
2024-06-20 08:05:02 - Started record_start.py
2024-06-20 08:05:02 - Started 0_start.py
2024-06-20 02:31:44 - Started hibernate.py
2024-06-20 02:31:42 - Ended 0_start.py
2024-06-20 02:31:41 - Ended record_stop.py
2024-06-20 02:31:33 - Started record_stop.py
2024-06-20 02:31:32 - Ended stop.py
2024-06-20 02:31:27 - Started stop.py
2024-06-20 02:31:25 - Ended 1_start.py
2024-06-20 02:31:24 - Ended mission.py
2024-06-20 02:30:44 - Started mission.py
2024-06-20 02:30:42 - Ended credit.py
2024-06-20 02:28:52 - Started credit.py
2024-06-20 02:28:51 - Ended fib_120.py
2024-06-20 02:15:32 - Started fib_120.py
2024-06-20 02:15:30 - Ended exit.py
2024-06-20 02:15:09 - Started exit.py
2024-06-20 02:15:07 - Ended scout.py
2024-06-20 02:14:04 - Started scout.py
2024-06-20 02:14:02 - Ended clue_claim.py
2024-06-20 02:12:27 - Started clue_claim.py
2024-06-20 02:12:26 - Ended drone_exp.py
2024-06-20 02:11:49 - Started drone_exp.py
2024-06-20 02:11:47 - Ended rest.py
2024-06-20 02:10:13 - Started rest.py
2024-06-20 02:10:11 - Ended clear.py
2024-06-20 02:06:44 - Started clear.py
2024-06-20 02:06:43 - Ended collect.py
2024-06-20 02:05:50 - Started collect.py
2024-06-20 02:05:49 - Ended enter.py
2024-06-20 02:05:28 - Started enter.py
2024-06-20 02:05:26 - Ended recruit.py
2024-06-20 02:03:21 - Started recruit.py
2024-06-20 02:03:19 - Ended get_recruit.py
2024-06-20 02:01:09 - Started get_recruit.py
2024-06-20 02:01:07 - Ended login.py
2024-06-20 02:00:00 - Started login.py
2024-06-20 01:59:18 - Started 1_start.py
2024-06-20 01:59:16 - Ended start.py
2024-06-20 01:59:16 - GPlay killed
2024-06-20 01:59:14 - GPlay closed
2024-06-20 01:59:14 - GPlay run
2024-06-20 01:55:18 - Started start.py
2024-06-20 01:55:17 - Ended record_start.py
2024-06-20 01:55:10 - Error action_start: Safe Mode, list index out of range
2024-06-20 01:55:09 - Started record_start.py
2024-06-20 01:55:09 - Started 0_start.py
2024-06-19 15:19:31 - Started start.py
2024-06-19 15:19:29 - Ended record_start.py
2024-06-19 15:19:23 - Error action_start: Safe Mode, list index out of range
2024-06-19 15:19:22 - Started record_start.py
2024-06-19 15:19:22 - Started 0_start.py
2024-06-19 13:59:14 - Started start.py
2024-06-19 13:59:13 - Ended record_start.py
2024-06-19 13:59:06 - Error action_start: Safe Mode, list index out of range
2024-06-19 13:59:06 - Started record_start.py
2024-06-19 13:59:05 - Started 0_start.py
2024-06-19 11:42:53 - Error action_start: Safe Mode, list index out of range
2024-06-19 11:42:52 - Started record_start.py
2024-06-19 11:42:52 - Started 0_start.py
2024-06-19 02:26:39 - Started hibernate.py
2024-06-19 02:26:38 - Ended 0_start.py
2024-06-19 02:26:37 - Ended record_stop.py
2024-06-19 02:26:29 - Started record_stop.py
2024-06-19 02:26:27 - Ended stop.py
2024-06-19 02:26:22 - Started stop.py
2024-06-19 02:26:20 - Ended 1_start.py
2024-06-19 02:26:19 - Ended mission.py
2024-06-19 02:25:39 - Started mission.py
2024-06-19 02:25:37 - Ended credit.py
2024-06-19 02:23:48 - Started credit.py
2024-06-19 02:23:46 - Ended agg_120.py
2024-06-19 02:10:27 - Started agg_120.py
2024-06-19 02:10:25 - Ended exit.py
2024-06-19 02:10:04 - Started exit.py
2024-06-19 02:10:02 - Ended scout.py
2024-06-19 02:08:59 - Started scout.py
2024-06-19 02:08:57 - Ended clue_claim.py
2024-06-19 02:07:23 - Started clue_claim.py
2024-06-19 02:07:21 - Ended drone_exp.py
2024-06-19 02:06:44 - Started drone_exp.py
2024-06-19 02:06:42 - Ended collect.py
2024-06-19 02:05:50 - Started collect.py
2024-06-19 02:05:49 - Ended enter.py
2024-06-19 02:05:27 - Started enter.py
2024-06-19 02:05:26 - Ended recruit.py
2024-06-19 02:03:43 - Recruitment interrupted
2024-06-19 02:03:43 - Recruitment discrepancies observed: ['Ringed']
2024-06-19 02:03:21 - Started recruit.py
2024-06-19 02:03:20 - Ended get_recruit.py
2024-06-19 02:01:09 - Started get_recruit.py
2024-06-19 02:01:07 - Ended login.py
2024-06-19 02:00:01 - Started login.py
2024-06-19 01:59:08 - Started 1_start.py
2024-06-19 01:59:07 - Ended start.py
2024-06-19 01:55:12 - Started start.py
2024-06-19 01:55:10 - Ended record_start.py
2024-06-19 01:55:03 - Error action_start: Safe Mode, list index out of range
2024-06-19 01:55:03 - Started record_start.py
2024-06-19 01:55:03 - Started 0_start.py
2024-06-18 14:22:28 - Started hibernate.py
2024-06-18 14:22:27 - Ended 0_start.py
2024-06-18 14:22:26 - Ended record_stop.py
2024-06-18 14:22:18 - Started record_stop.py
2024-06-18 14:22:16 - Ended stop.py
2024-06-18 14:22:11 - Started stop.py
2024-06-18 14:22:09 - Ended 1_start.py
2024-06-18 14:22:08 - Ended agg_120.py
2024-06-18 14:08:49 - Started agg_120.py
2024-06-18 14:08:48 - Ended exit.py
2024-06-18 14:08:26 - Started exit.py
2024-06-18 14:08:25 - Ended scout.py
2024-06-18 14:07:21 - Started scout.py
2024-06-18 14:07:20 - Ended drone_exp.py
2024-06-18 14:06:43 - Started drone_exp.py
2024-06-18 14:06:41 - Ended collect.py
2024-06-18 14:05:49 - Started collect.py
2024-06-18 14:05:47 - Ended enter.py
2024-06-18 14:05:26 - Started enter.py
2024-06-18 14:05:24 - Ended recruit.py
2024-06-18 14:05:02 - Recruitment interrupted
2024-06-18 14:05:02 - Recruitment discrepancies observed: ['Spiper']
2024-06-18 14:03:21 - Started recruit.py
2024-06-18 14:03:19 - Ended get_recruit.py
2024-06-18 14:01:08 - Started get_recruit.py
2024-06-18 14:01:07 - Ended login.py
2024-06-18 14:00:00 - Started login.py
2024-06-18 13:59:14 - Started 1_start.py
2024-06-18 13:59:13 - Ended start.py
2024-06-18 13:55:18 - Started start.py
2024-06-18 13:55:16 - Ended record_start.py
2024-06-18 13:55:10 - Error action_start: Safe Mode, list index out of range
2024-06-18 13:55:09 - Started record_start.py
2024-06-18 13:55:09 - Started 0_start.py
2024-06-18 10:09:34 - Ended rest_fill.py
2024-06-18 10:07:56 - Started rest_fill.py
2024-06-18 02:29:49 - Started hibernate.py
2024-06-18 02:29:49 - Ended 0_start.py
2024-06-18 02:29:49 - Ended record_stop.py
2024-06-18 02:29:41 - Started record_stop.py
2024-06-18 02:29:40 - Ended 1_start.py
2024-06-18 02:29:39 - Ended stop.py
2024-06-18 02:29:34 - Started stop.py
2024-06-18 02:29:33 - Ended mission.py
2024-06-18 02:28:52 - Started mission.py
2024-06-18 02:28:51 - Ended credit.py
2024-06-18 02:27:01 - Started credit.py
2024-06-18 02:26:59 - Ended RC_120.py
2024-06-18 02:18:14 - Started RC_120.py
2024-06-18 02:18:12 - Ended exit.py
2024-06-18 02:17:51 - Started exit.py
2024-06-18 02:17:49 - Ended scout.py
2024-06-18 02:16:46 - Started scout.py
2024-06-18 02:16:44 - Ended clue_claim.py
2024-06-18 02:15:10 - Started clue_claim.py
2024-06-18 02:15:08 - Ended drone_exp.py
2024-06-18 02:14:31 - Started drone_exp.py
2024-06-18 02:14:29 - Ended work_2traders.py
2024-06-18 02:10:51 - Started work_2traders.py
2024-06-18 02:10:50 - Ended clear_rest.py
2024-06-18 02:09:49 - Started clear_rest.py
2024-06-18 02:09:47 - Ended enter.py
2024-06-18 02:09:26 - Started enter.py
2024-06-18 02:09:25 - Ended recruit.py
2024-06-18 02:07:18 - Started recruit.py
2024-06-18 02:07:16 - Ended get_recruit.py
2024-06-18 02:05:06 - Started get_recruit.py
2024-06-18 02:05:04 - Ended login.py
2024-06-18 02:03:58 - Started login.py
2024-06-18 02:03:56 - Ended start.py
2024-06-18 02:00:01 - Started start.py
2024-06-18 01:55:11 - Started 1_start.py
2024-06-18 01:55:11 - Ended record_start.py
2024-06-18 01:55:04 - Error action_start: Safe Mode, list index out of range
2024-06-18 01:55:04 - Started record_start.py
2024-06-18 01:55:03 - Started 0_start.py
2024-06-17 21:28:42 - Started start.py
2024-06-17 21:28:42 - Started 1_start.py
2024-06-17 21:28:41 - Ended record_start.py
2024-06-17 21:28:35 - Error action_start: Safe Mode, list index out of range
2024-06-17 21:28:35 - Started record_start.py
2024-06-17 21:28:34 - Started 0_start.py
2024-06-17 21:24:00 - Started hibernate.py
2024-06-17 21:23:59 - Ended 0_start.py
2024-06-17 21:23:59 - Error action_start: OBS, Error code from Windows: 0 - The operation completed successfully.
2024-06-17 21:23:59 - Started record_stop.py
2024-06-17 21:23:58 - Ended 1_start.py
2024-06-17 21:23:57 - Error action_start: OBS, Error code from Windows: 0 - The operation completed successfully.
2024-06-17 21:23:57 - Started record_stop.py
2024-06-17 21:23:55 - Error action_start: Arknights, list index out of range
2024-06-17 21:23:55 - Started stop.py
2024-06-17 21:23:54 - Error action_start: Arknights, list index out of range
2024-06-17 21:23:54 - Started rest.py
2024-06-17 21:23:52 - Error action_start: Arknights, list index out of range
2024-06-17 21:23:52 - Started enter.py
2024-06-17 21:23:51 - Error action_start: Arknights, list index out of range
2024-06-17 21:23:51 - Started login.py
2024-06-17 21:23:49 - Error action_start: Google Play, Error code from Windows: 0 - The operation completed successfully.
2024-06-17 21:23:34 - Started start.py
2024-06-17 21:23:33 - Started 1_start.py
2024-06-17 21:23:33 - Ended record_start.py
2024-06-17 21:23:26 - Error action_start: Safe Mode, list index out of range
2024-06-17 21:23:26 - Started record_start.py
2024-06-17 21:23:25 - Started 0_start.py
2024-06-17 21:22:27 - Error action_start: list index out of range
2024-06-17 21:22:27 - Started enter.py
2024-06-17 21:22:26 - Error action_start: list index out of range
2024-06-17 21:22:26 - Started login.py
2024-06-17 21:22:24 - Error action_start: Error code from Windows: 0 - The operation completed successfully.
2024-06-17 21:22:09 - Started start.py
2024-06-17 21:22:08 - Started 1_start.py
2024-06-17 21:22:08 - Ended record_start.py
2024-06-17 21:22:01 - Error action_start: list index out of range
2024-06-17 21:22:01 - Started record_start.py
2024-06-17 21:22:00 - Started 0_start.py
2024-06-17 21:21:44 - Started start.py
2024-06-17 21:21:43 - Started 1_start.py
2024-06-17 21:21:43 - Error action_start: Error code from Windows: 0 - The operation completed successfully.
2024-06-17 21:21:37 - Error action_start: list index out of range
2024-06-17 21:21:37 - Started record_start.py
2024-06-17 21:21:37 - Started 0_start.py
2024-06-17 21:16:25 - Ended 1_start.py
2024-06-17 21:16:24 - Ended record_stop.py
2024-06-17 21:16:16 - Started record_stop.py
2024-06-17 21:16:14 - Error action_start: list index out of range
2024-06-17 21:16:14 - Started stop.py
2024-06-17 21:16:13 - Error action_start: list index out of range
2024-06-17 21:16:13 - Started rest.py
2024-06-17 21:16:11 - Error action_start: list index out of range
2024-06-17 21:16:11 - Started enter.py
2024-06-17 21:16:10 - Error action_start: list index out of range
2024-06-17 21:16:10 - Started login.py
2024-06-17 21:16:08 - Error action_start: Error code from Windows: 5 - Access is denied.
2024-06-17 21:15:53 - Started start.py
2024-06-17 21:15:52 - Started 1_start.py
2024-06-17 21:15:52 - Ended record_start.py
2024-06-17 21:15:45 - Error action_start: list index out of range
2024-06-17 21:15:45 - Started record_start.py
2024-06-17 21:15:44 - Started 0_start.py
2024-06-17 21:11:53 - Started start.py
2024-06-17 21:11:53 - Started 1_start.py
2024-06-17 21:11:52 - Ended record_start.py
2024-06-17 21:11:45 - Started record_start.py
2024-06-17 21:11:45 - Started 0_start.py
2024-06-17 21:11:20 - Started rest.py
2024-06-17 21:11:19 - Started enter.py
2024-06-17 21:11:17 - Started login.py
2024-06-17 21:11:01 - Started start.py
2024-06-17 21:11:00 - Started 1_start.py
2024-06-17 21:10:59 - Ended record_start.py
2024-06-17 21:10:53 - Started record_start.py
2024-06-17 21:10:52 - Started 0_start.py
2024-06-17 21:08:15 - Ended 1_start.py
2024-06-17 21:08:14 - Started record_stop.py
2024-06-17 21:08:12 - Started stop.py
2024-06-17 21:08:10 - Started rest.py
2024-06-17 21:08:09 - Started enter.py
2024-06-17 21:08:07 - Started login.py
2024-06-17 21:07:51 - Started start.py
2024-06-17 21:07:50 - Started 1_start.py
2024-06-17 21:07:44 - Started record_start.py
2024-06-17 21:07:44 - Started 0_start.py
2024-06-17 21:03:49 - Started enter.py
2024-06-17 21:03:48 - Started login.py
2024-06-17 21:03:31 - Started start.py
2024-06-17 21:03:30 - Started 1_start.py
2024-06-17 21:03:30 - Ended record_start.py
2024-06-17 21:03:23 - Started record_start.py
2024-06-17 21:03:23 - Started 0_start.py
2024-06-17 21:02:53 - Started login.py
2024-06-17 21:02:36 - Started start.py
2024-06-17 21:02:36 - Started 1_start.py
2024-06-17 21:02:35 - Ended record_start.py
2024-06-17 21:02:29 - Started record_start.py
2024-06-17 21:02:28 - Started 0_start.py
2024-06-17 21:01:25 - Started start.py
2024-06-17 21:01:24 - Started 1_start.py
2024-06-17 21:01:24 - Ended record_start.py
2024-06-17 21:01:17 - Started record_start.py
2024-06-17 21:01:17 - Started 0_start.py
2024-06-17 21:00:12 - Started start.py
2024-06-17 21:00:11 - Started 1_start.py
2024-06-17 21:00:11 - Ended record_start.py
2024-06-17 21:00:04 - Started record_start.py
2024-06-17 21:00:03 - Started 0_start.py
2024-06-17 20:37:14 - Started start.py
2024-06-17 20:34:29 - Started record_stop.py
2024-06-17 20:34:28 - Started stop.py
2024-06-17 20:34:26 - Started rest.py
2024-06-17 20:34:25 - Started enter.py
2024-06-17 20:34:23 - Started login.py
2024-06-17 20:34:07 - Started start.py
2024-06-17 20:34:06 - Started 1_start.py
2024-06-17 20:34:05 - Ended record_start.py
2024-06-17 20:33:59 - Started record_start.py
2024-06-17 20:33:58 - Started 0_start.py
2024-06-17 20:32:09 - Started 1_start.py
2024-06-17 20:32:08 - Ended record_start.py
2024-06-17 20:32:01 - Started record_start.py
2024-06-17 20:32:01 - Started 0_start.py
